TOLL_LOCATION_ID	TOLL_LOCATION_CODE	TOLL_ROAD_ID	DATA_STATUS_ID	DATA_STATUS_CODE	PLAZA	PLAZA_NAME	LATITUDE	LONGITUDE	ROAD_AGENCY_ID	CORRIDOR	DIRECTION	CREATED_ON	CREATED_BY_ID	UPDATED_ON	UPDATED_BY_ID	VERSION	PID	P_UUID	ALH_ID
0	MIGRATION ROAD 0.MIGRATION PLAZA 0	28	281	ACTIVE	0	MIGRATION PLAZA 0			28	0		2019-11-20 11:07:05.669	1	2024-01-25 20:15:42.055	1	1	SEED	0	1
2	ATCAS_ROAD.AB.An	18	281	ACTIVE	2	Antioch			23	0	"0"	2003-12-19 17:24:06.864	9068	2024-01-25 20:15:41.962	1	1	SEED	0	1
3	ATCAS_ROAD.RSRB.Ri	25	281	ACTIVE	3	Richmond			23	0	"0"	2003-12-19 17:24:28.834	9068	2024-01-25 20:15:41.962	1	1	SEED	0	1
4	ATCAS_ROAD.SFOBB.SFOBB	27	281	ACTIVE	4	SFOBB			23	0	"0"	2003-12-19 17:24:29.681	9068	2024-01-25 20:15:41.962	1	1	SEED	0	1
5	ATCAS_ROAD.SMHB.SM	24	281	ACTIVE	5	San Mateo			23	0	"0"	2003-12-19 17:24:32.429	9068	2024-01-25 20:15:41.962	1	1	SEED	0	1
6	ATCAS_ROAD.DB.Du	20	281	ACTIVE	6	Dumbarton			23	0	"0"	2003-12-19 17:24:33.833	9068	2024-01-25 20:15:41.962	1	1	SEED	0	1
7	ATCAS_ROAD.CB.Ca	19	281	ACTIVE	7	Carquinez			23	0	"0"	2003-12-19 17:25:10.057	9068	2024-01-25 20:15:41.962	1	1	SEED	0	1
8	ATCAS_ROAD.BMB.Be	23	281	ACTIVE	8	Benicia			23	0	"0"	2003-12-19 17:28:48.187	9068	2024-01-25 20:15:41.962	1	1	SEED	0	1
9	ATCAS_ROAD.RB.R	37	281	ACTIVE	9	Richmond Bridge			23	0	"0"	2003-12-19 17:29:21.178	9068	2025-05-28 19:29:21.504	1	2	SEED	0	1
10	SANDAG_ROAD.I15SD.SD	4	281	ACTIVE	10	San Diego			25	0	"0"	2003-12-19 17:29:29.366	9068	2024-01-25 20:15:41.962	1	1	SEED	0	1
15	SANDAG_ROAD.I15SD.I15	4	281	ACTIVE	15	I-15			25	0	"0"	2003-12-19 17:29:40.594	9068	2024-01-25 20:15:41.962	1	1	SEED	0	1
201	ATCAS_ROAD.SFIA.LTG	26	281	ACTIVE	201	SFO Long Term Garage - 201			23	0	"0"	2007-10-25 00:00:00.000	9043	2024-01-25 20:15:41.962	1	1	SEED	0	1
204	ATCAS_ROAD.SFIA.LTL	26	281	ACTIVE	204	SFO Long Term Lot			23	0	"0"	2007-10-25 00:00:00.000	9043	2024-01-25 20:15:41.962	1	1	SEED	0	1
206	ATCAS_ROAD.SFIA.LTG-206	26	281	ACTIVE	206	SFO Long Term Garage - 206			23	0	"0"	2019-02-20 00:00:00.000	9043	2024-01-25 20:15:41.962	1	1	SEED	0	1
207	ATCAS_ROAD.SFIA.LTG-207	26	281	ACTIVE	207	SFO Long Term Garage - 207			23	0	"0"	2019-02-20 00:00:00.000	9043	2024-01-25 20:15:41.962	1	1	SEED	0	1
208	ATCAS_ROAD.SFIA.LTG-208	26	281	ACTIVE	208	SFO Long Term Garage - 208			23	0	"0"	2019-11-20 11:07:05.669	1	2024-01-25 20:15:41.962	1	1	SEED	0	1
821	ATCAS_ROAD.SFIA.IGL1	26	281	ACTIVE	821	SFO INTL G LV 1			23	0	"0"	2007-10-25 00:00:00.000	9043	2024-01-25 20:15:41.962	1	1	SEED	0	1
825	ATCAS_ROAD.SFIA.IGL3	26	281	ACTIVE	825	SFO INTL G LV 3			23	0	"0"	2007-10-25 00:00:00.000	9043	2024-01-25 20:15:41.962	1	1	SEED	0	1
828	ATCAS_ROAD.SFIA.IAL1	26	281	ACTIVE	828	SFO INTL A LV 1			23	0	"0"	2007-10-25 00:00:00.000	9043	2024-01-25 20:15:41.962	1	1	SEED	0	1
831	ATCAS_ROAD.SFIA.IAL3	26	281	ACTIVE	831	SFO INTL A LV 3			23	0	"0"	2007-10-25 00:00:00.000	9043	2024-01-25 20:15:41.962	1	1	SEED	0	1
843	ATCAS_ROAD.SFIA.DL1	26	281	ACTIVE	843	SFO Domestic LV 1			23	0	"0"	2007-10-25 00:00:00.000	9043	2024-01-25 20:15:41.962	1	1	SEED	0	1
844	ATCAS_ROAD.SFIA.DL2	26	281	ACTIVE	844	SFO Domestic LV 2			23	0	"0"	2007-10-25 00:00:00.000	9043	2024-01-25 20:15:41.962	1	1	SEED	0	1
847	ATCAS_ROAD.SFIA.DL3	26	281	ACTIVE	847	SFO Domestic LV 3			23	0	"0"	2007-10-25 00:00:00.000	9043	2024-01-25 20:15:41.962	1	1	SEED	0	1
850	ATCAS_ROAD.SFIA.DL4	26	281	ACTIVE	850	SFO Domestic LV 4			23	0	"0"	2007-10-25 00:00:00.000	9043	2024-01-25 20:15:41.962	1	1	SEED	0	1
854	ATCAS_ROAD.SFIA.DL5	26	281	ACTIVE	854	SFO Domestic LV 5			23	0	"0"	2007-10-25 00:00:00.000	9043	2024-01-25 20:15:41.962	1	1	SEED	0	1
857	ATCAS_ROAD.SFIA.DL6	26	281	ACTIVE	857	SFO Domestic LV 6			23	0	"0"	2019-11-20 11:07:05.669	1	2024-01-25 20:15:41.962	1	1	SEED	0	1
1131	SJH_ROAD.SR73.LPen	6	281	ACTIVE	1131	SR73 La Paz On			21	1	S	1993-10-09 15:32:23.000	7	2024-01-25 20:15:41.962	1	1	SEED	0	1
1133	SJH_ROAD.SR73.LPex	6	281	ACTIVE	1133	SR73 La Paz Off			21	1	N	1993-10-09 15:32:23.000	7	2024-01-25 20:15:41.962	1	1	SEED	0	1
1141	SJH_ROAD.SR73.ACex	6	281	ACTIVE	1141	SR73 Aliso Creek Off			21	1	N	1993-10-09 15:32:23.000	7	2024-01-25 20:15:41.962	1	1	SEED	0	1
1143	SJH_ROAD.SR73.ACen	6	281	ACTIVE	1143	SR73 Aliso Creek On			21	1	S	1993-10-09 15:32:23.000	7	2024-01-25 20:15:41.962	1	1	SEED	0	1
1162	SJH_ROAD.SR73.ETex	6	281	ACTIVE	1162	SR73 El Toro Off			21	1	N	1993-10-09 15:32:23.000	7	2024-01-25 20:15:41.962	1	1	SEED	0	1
1163	SJH_ROAD.SR73.ETen	6	281	ACTIVE	1163	SR73 El Toro On			21	1	S	1993-10-09 15:32:23.000	7	2024-01-25 20:15:41.962	1	1	SEED	0	1
1190	SJH_ROAD.SR73.CVsb	6	281	ACTIVE	1190	SR73 Catalina View South			21	1	S	1993-10-09 15:32:23.000	7	2024-01-25 20:15:41.962	1	1	SEED	0	1
1191	SJH_ROAD.SR73.CVnb	6	281	ACTIVE	1191	SR73 Catalina View North			21	1	N	1993-10-09 15:32:23.000	7	2024-01-25 20:15:41.962	1	1	SEED	0	1
1215	SJH_ROAD.SR73.NCex	6	281	ACTIVE	1215	SR73 Newport Coast Off			21	1	S	1993-10-09 15:32:23.000	7	2024-01-25 20:15:41.962	1	1	SEED	0	1
1217	SJH_ROAD.SR73.NCen	6	281	ACTIVE	1217	SR73 Newport Coast On			21	1	N	1993-10-09 15:32:23.000	7	2024-01-25 20:15:41.962	1	1	SEED	0	1
1226	SJH_ROAD.SR73.BCex	6	281	ACTIVE	1226	SR73 Bonita Canyon Off			21	1	S	1993-10-09 15:32:23.000	7	2024-01-25 20:15:41.962	1	1	SEED	0	1
1227	SJH_ROAD.SR73.BCen	6	281	ACTIVE	1227	SR73 Bonita Canyon On			21	1	N	1993-10-09 15:32:23.000	7	2024-01-25 20:15:41.962	1	1	SEED	0	1
2143	FE_ROAD.SR241.OBMnb	11	281	ACTIVE	2143	SR241 Oso Bridge Mainline NB lane 11			20	2	N	2019-10-30 13:42:36.888	1	2024-01-25 20:15:41.962	1	1	SEED	0	1
2144	FE_ROAD.SR241.Osen	11	281	ACTIVE	2144	SR241 Oso On			20	2	N	1993-10-09 15:30:48.000	1	2024-01-25 20:15:41.962	1	1	SEED	0	1
2145	FE_ROAD.SR241.Osex	11	281	ACTIVE	2145	SR241 Oso Off			20	2	S	1993-10-09 15:30:48.000	1	2024-01-25 20:15:41.962	1	1	SEED	0	1
2146	FE_ROAD.SR241.OBMsb	11	281	ACTIVE	2146	SR241 Oso Bridge Mainline SB lane 11			20	2	S	2019-10-30 13:42:36.899	1	2024-01-25 20:15:41.962	1	1	SEED	0	1
2177	FE_ROAD.SR241.APex	11	281	ACTIVE	2177	SR241 Antonio Parkway Off			20	2	S	1993-10-09 15:30:48.000	1	2024-01-25 20:15:41.962	1	1	SEED	0	1
2178	FE_ROAD.SR241.APen	11	281	ACTIVE	2178	SR241 Antonio Parkway On			20	2	N	1993-10-09 15:20:32.000	1	2024-01-25 20:15:41.962	1	1	SEED	0	1
2199	FE_ROAD.SR241.LABex	11	281	ACTIVE	2199	SR241 Los Alisos Blvd Off			20	2	N	1993-10-09 15:20:32.000	1	2024-01-25 20:15:41.962	1	1	SEED	0	1
2200	FE_ROAD.SR241.LABen	11	281	ACTIVE	2200	SR241 Los Alisos Blvd On			20	2	S	1993-10-09 15:30:48.000	1	2024-01-25 20:15:41.962	1	1	SEED	0	1
2216	FE_ROAD.SR241.Posbex	11	281	ACTIVE	2216	SR241 Portola South Off			20	2	N	1970-01-01 00:00:00.000	1	2024-01-25 20:15:41.962	1	1	SEED	0	1
2217	FE_ROAD.SR241.Posben	11	281	ACTIVE	2217	SR241 Portola South On			20	2	S	1993-10-09 15:30:48.000	1	2024-01-25 20:15:41.962	1	1	SEED	0	1
2234	FE_ROAD.SR241.Alex	11	281	ACTIVE	2234	SR241 Alton Off			20	2	N	1993-10-09 15:20:32.000	1	2024-01-25 20:15:41.962	1	1	SEED	0	1
2235	FE_ROAD.SR241.Alen	11	281	ACTIVE	2235	SR241 Alton On			20	2	S	1993-10-09 15:30:48.000	1	2024-01-25 20:15:41.962	1	1	SEED	0	1
2248	FE_ROAD.SR241.PNex	11	281	ACTIVE	2248	SR241 Portola North Off			20	2	N	1970-01-01 00:00:00.000	1	2024-01-25 20:15:41.962	1	1	SEED	0	1
2249	FE_ROAD.SR241.PNen	11	281	ACTIVE	2249	SR241 Portola North On			20	2	S	1970-01-01 00:00:00.000	1	2024-01-25 20:15:41.962	1	1	SEED	0	1
2257	FE_ROAD.SR241.TSnb	11	281	ACTIVE	2257	SR241 Tomato Springs N			20	2	N	1970-01-01 00:00:00.000	1	2024-01-25 20:15:41.962	1	1	SEED	0	1
2260	FE_ROAD.SR241.TSsb	11	281	ACTIVE	2260	SR241 Tomato Springs S			20	2	S	1970-01-01 00:00:00.000	1	2024-01-25 20:15:41.962	1	1	SEED	0	1
3042	FE_ROAD.SR133.IEex	9	281	ACTIVE	3042	SR133 Irvine East Off			20	2	N	1970-01-01 00:00:00.000	1	2024-01-25 20:15:41.962	1	1	SEED	0	1
3043	FE_ROAD.SR133.IEen	9	281	ACTIVE	3043	SR133 Irvine East On			20	2	S	1970-01-01 00:00:00.000	1	2024-01-25 20:15:41.962	1	1	SEED	0	1
3057	FE_ROAD.SR133.OGsb	9	281	ACTIVE	3057	SR133 Orange Grove S			20	2	N	1970-01-01 00:00:00.000	1	2024-01-25 20:15:41.962	1	1	SEED	0	1
3058	FE_ROAD.SR133.OGnb	9	281	ACTIVE	3058	SR133 Orange Grove N			20	2	S	1970-01-01 00:00:00.000	1	2024-01-25 20:15:41.962	1	1	SEED	0	1
3145	FE_ROAD.SR241.WRsb	11	281	ACTIVE	3145	SR241 Windy Ridge S			20	2	N	1970-01-01 00:00:00.000	1	2024-01-25 20:15:41.962	1	1	SEED	0	1
3150	FE_ROAD.SR241.WRnb	11	281	ACTIVE	3150	SR241 Windy Ridge N			20	2	S	1970-01-01 00:00:00.000	1	2024-01-25 20:15:41.962	1	1	SEED	0	1
3482	FE_ROAD.SR261.IWen	12	281	ACTIVE	3482	SR261 Irvine West On			20	2	S	1993-10-09 15:30:48.000	7	2024-01-25 20:15:41.962	1	1	SEED	0	1
3486	FE_ROAD.SR261.IWex	12	281	ACTIVE	3486	SR261 Irvine West Off			20	2	N	1993-10-09 15:30:48.000	7	2024-01-25 20:15:41.962	1	1	SEED	0	1
3490	FE_ROAD.SR261.IRnb	12	281	ACTIVE	3490	SR261 Irvine Ranch N			20	2	S	1993-10-09 15:30:48.000	7	2024-01-25 20:15:41.962	1	1	SEED	0	1
3491	FE_ROAD.SR261.IRsb	12	281	ACTIVE	3491	SR261 Irvine Ranch S			20	2	N	1993-10-09 15:30:48.000	7	2024-01-25 20:15:41.962	1	1	SEED	0	1
3497	FE_ROAD.SR261.PWnb	12	281	ACTIVE	3497	SR261 Portola West N			20	2	N	1993-10-09 15:30:48.000	7	2024-01-25 20:15:41.962	1	1	SEED	0	1
3498	FE_ROAD.SR261.PWsb	12	281	ACTIVE	3498	SR261 Portola West S			20	2	S	1993-10-09 15:30:48.000	7	2024-01-25 20:15:41.962	1	1	SEED	0	1
4001	SR91_ROAD.SR91.EB	7	281	ACTIVE	4001	SR91 Eastbound			22	0	"0"	2003-12-19 17:30:26.223	9068	2024-01-25 20:15:41.962	1	1	SEED	0	1
4002	SR91_ROAD.SR91.WB	7	281	ACTIVE	4002	SR91 Westbound			22	0	"0"	2003-12-19 17:30:26.695	9068	2024-01-25 20:15:41.962	1	1	SEED	0	1
4003	SR91_ROAD.SR91.55nb-91eben	7	281	ACTIVE	4003	"55 NB - 91 EB Entrance"			22	0	E	2021-09-26 13:55:35.393	9068	2024-01-25 20:15:41.962	1	1	SEED	0	1
4004	SR91_ROAD.SR91.91wben	7	281	ACTIVE	4004	"91 WB Entrance"			22	0	W	2021-09-26 13:56:54.790	9068	2024-01-25 20:15:41.962	1	1	SEED	0	1
4005	SR91_ROAD.SR91.91EBEn	7	281	ACTIVE	4005	"91 EB Entrance"			22	0	E	2021-09-26 13:58:06.820	9068	2024-01-25 20:15:41.962	1	1	SEED	0	1
4010	ATCAS_ROAD.GGB.GGB	22	281	ACTIVE	4010	Golden Gate Bridge			23	0	"0"	2003-12-19 17:31:19.941	9068	2024-01-25 20:15:41.962	1	1	SEED	0	1
4020	SR91_ROAD.SR91.CL-Mc	7	281	ACTIVE	4020	"91E Co. Line-McKinley"			22	0	"0"	2003-12-19 17:30:26.223	9068	2024-01-25 20:15:41.962	1	1	SEED	0	1
4021	SR91_ROAD.SR91.Mc-CL	7	281	ACTIVE	4021	"91W McKinley-Co. Line"			22	0	"0"	2003-12-19 17:30:26.695	9068	2024-01-25 20:15:41.962	1	1	SEED	0	1
4022	SR91_ROAD.SR91.15sb-Ont	7	281	ACTIVE	4022	"15S Ontario"			22	0	"0"	2003-12-19 17:30:26.223	9068	2026-02-02 12:58:01.556	1	2	SEED	0	1
4023	SR91_ROAD.SR91.15nb-Ont	7	281	ACTIVE	4023	"15N Ontario"			22	0	W	2022-11-28 12:06:48.408	9068	2026-02-02 12:58:01.556	1	2	SEED	0	1
4024	SR91_ROAD.SR91.CL-15sb	7	281	ACTIVE	4024	"91E Co. Line-15S"			22	0	"0"	2003-12-19 17:30:26.223	9068	2024-01-25 20:15:41.962	1	1	SEED	0	1
4025	SR91_ROAD.SR91.15nb-CL	7	281	ACTIVE	4025	"91W 15N - Co. Line"			22	0	"0"	2003-12-19 17:30:26.695	9068	2024-01-25 20:15:41.962	1	1	SEED	0	1
4026	SR91_ROAD.SR91.15nb-6	7	281	ACTIVE	4026	"15N Sixth"			22	0	E	2022-11-28 12:14:58.654	9068	2026-02-02 12:58:01.556	1	2	SEED	0	1
4027	SR91_ROAD.SR91.15sb-6	7	281	ACTIVE	4027	"15S Sixth"			22	0	W	2022-11-28 12:17:03.245	9068	2026-02-02 12:58:01.556	1	2	SEED	0	1
4100	RCTC_ROAD.I15SRCTC.SR60-6sb	102	281	ACTIVE	4100	"15S SR60/Sixth #2"			37	0	S	2019-01-07 18:35:27.000	9043	2024-01-25 20:15:41.962	1	1	SEED	0	1
4101	RCTC_ROAD.I15SRCTC.Li-2sb	102	281	ACTIVE	4101	"15S Limonite/Second"			37	0	S	2019-01-07 18:35:27.000	9043	2024-01-25 20:15:41.962	1	1	SEED	0	1
4102	RCTC_ROAD.I15SRCTC.6-Onsb	102	281	ACTIVE	4102	"15S Sixth/Ontario"			37	0	S	2019-01-07 18:35:27.000	9043	2024-01-25 20:15:41.962	1	1	SEED	0	1
4103	RCTC_ROAD.I15SRCTC.Ma-Casb	102	281	ACTIVE	4103	"15S Magnolia/Cajalco"			37	0	S	2019-01-07 18:35:27.000	9043	2024-01-25 20:15:41.962	1	1	SEED	0	1
4150	RCTC_ROAD.I15NRCTC.Ca-Manb	104	281	ACTIVE	4150	"15N Cajalco/Magnolia"			37	0	N	2019-11-20 18:35:26.985	7	2024-01-25 20:15:41.962	1	1	SEED	0	1
4151	RCTC_ROAD.I15NRCTC.On-6nb	104	281	ACTIVE	4151	"15N Ontario/Sixth"			37	0	N	2019-11-20 18:35:26.987	7	2024-01-25 20:15:41.962	1	1	SEED	0	1
4152	RCTC_ROAD.I15NRCTC.2-Linb	104	281	ACTIVE	4152	"15N Second/Limonite"			37	0	N	2019-11-20 18:35:26.989	7	2024-01-25 20:15:41.962	1	1	SEED	0	1
4153	RCTC_ROAD.I15NRCTC.6-SR60nb	104	281	ACTIVE	4153	"15N Sixth/SR60"			37	0	N	2019-11-20 18:35:26.990	7	2024-01-25 20:15:41.962	1	1	SEED	0	1
5010	ATCAS_ROAD.I680.SA	13	281	ACTIVE	5010	I-680 South Andrade			23	0	S	2010-10-01 00:00:00.000	9043	2024-01-25 20:15:41.962	1	1	SEED	0	1
5011	ATCAS_ROAD.I680.SW	17	281	ACTIVE	5011	I-680 South Washington			23	0	S	2010-10-01 00:00:00.000	9043	2024-01-25 20:15:41.962	1	1	SEED	0	1
5012	ATCAS_ROAD.I680.SM	14	281	ACTIVE	5012	I-680 South Mission			23	0	S	2010-10-01 00:00:00.000	9043	2024-01-25 20:15:41.962	1	1	SEED	0	1
5013	ATCAS_ROAD.I680.SC	15	281	ACTIVE	5013	I-680 South Calaveras			23	0	S	2010-10-01 00:00:00.000	9043	2024-01-25 20:15:41.962	1	1	SEED	0	1
5020	ATCAS_ROAD.I680.SR238sb	103	281	ACTIVE	5020	I-680 SB SR238			23	0	S	2019-11-20 18:35:26.992	7	2024-01-25 20:15:41.962	1	1	SEED	0	1
5021	ATCAS_ROAD.I680.SR262sb	103	281	ACTIVE	5021	I-680 SB SR262			23	0	S	2019-11-20 18:35:26.995	7	2024-01-25 20:15:41.962	1	1	SEED	0	1
5022	ATCAS_ROAD.I680.SR237sb	103	281	ACTIVE	5022	I-680 SB SR237			23	0	S	2019-11-20 18:35:26.996	7	2024-01-25 20:15:41.962	1	1	SEED	0	1
5030	ATCAS_ROAD.I680.SR238nb	103	281	ACTIVE	5030	I-680 NB SR238			23	0	N	2019-11-20 18:35:26.998	7	2024-01-25 20:15:41.962	1	1	SEED	0	1
5031	ATCAS_ROAD.I680.SR84nb	103	281	ACTIVE	5031	I-680 NB SR84			23	0	N	2019-11-20 18:35:27.000	7	2024-01-25 20:15:41.962	1	1	SEED	0	1
5050	ATCAS_ROAD.I580.NFZwb	1	281	ACTIVE	5050	"580 N First Zone WB"			23	0	W	2016-02-22 00:00:00.000	9043	2024-01-25 20:15:41.962	1	1	SEED	0	1
5051	ATCAS_ROAD.I580.LZwb	1	281	ACTIVE	5051	"580 Livermore Zone WB"			23	0	W	2016-02-22 00:00:00.000	9043	2024-01-25 20:15:41.962	1	1	SEED	0	1
5052	ATCAS_ROAD.I580.IZwb	1	281	ACTIVE	5052	"580 Isabel Zone WB"			23	0	W	2016-02-22 00:00:00.000	9043	2024-01-25 20:15:41.962	1	1	SEED	0	1
5053	ATCAS_ROAD.I580.AZwb	1	281	ACTIVE	5053	"580 Airway Zone WB"			23	0	W	2016-02-22 00:00:00.000	9043	2024-01-25 20:15:41.962	1	1	SEED	0	1
5054	ATCAS_ROAD.I580.FZwb	1	281	ACTIVE	5054	"580 Fallon Zone WB"			23	0	W	2016-02-22 00:00:00.000	9043	2024-01-25 20:15:41.962	1	1	SEED	0	1
5055	ATCAS_ROAD.I580.SRiZwb	1	281	ACTIVE	5055	"580 Santa Rita Zone WB"			23	0	W	2016-02-22 00:00:00.000	9043	2024-01-25 20:15:41.962	1	1	SEED	0	1
5056	ATCAS_ROAD.I580.HZwb	1	281	ACTIVE	5056	"580 Hacienda Zone WB"			23	0	W	2016-02-22 00:00:00.000	9043	2024-01-25 20:15:41.962	1	1	SEED	0	1
5057	ATCAS_ROAD.I580.SRaZwb	1	281	ACTIVE	5057	"580 San Ramon Zone WB"			23	0	W	2016-02-22 00:00:00.000	9043	2024-01-25 20:15:41.962	1	1	SEED	0	1
5058	ATCAS_ROAD.I580.SRZwb	1	281	ACTIVE	5058	San Ramon WB			23	0		2025-12-19 17:28:00.675	1	2025-12-19 17:28:00.675	1	0	SEED	0	1
5070	ATCAS_ROAD.I580.AZ1eb	1	281	ACTIVE	5070	"580 Airway Zone 1 EB"			23	0	E	2016-02-22 00:00:00.000	9043	2024-01-25 20:15:41.962	1	1	SEED	0	1
5071	ATCAS_ROAD.I580.AZ2eb	1	281	ACTIVE	5071	"580 Airway Zone 2 EB"			23	0	E	2016-02-22 00:00:00.000	9043	2024-01-25 20:15:41.962	1	1	SEED	0	1
5072	ATCAS_ROAD.I580.IZeb	1	281	ACTIVE	5072	"580 Isabel Zone EB"			23	0	E	2016-02-22 00:00:00.000	9043	2024-01-25 20:15:41.962	1	1	SEED	0	1
5073	ATCAS_ROAD.I580.LZeb	1	281	ACTIVE	5073	"580 Livermore Zone EB"			23	0	E	2016-02-22 00:00:00.000	9043	2024-01-25 20:15:41.962	1	1	SEED	0	1
5074	ATCAS_ROAD.I580.NFZeb	1	281	ACTIVE	5074	"580 N First Zone EB"			23	0	E	2016-02-22 00:00:00.000	9043	2024-01-25 20:15:41.962	1	1	SEED	0	1
5075	ATCAS_ROAD.I580.VZeb	1	281	ACTIVE	5075	"580 Vasco Zone EB"			23	0	E	2016-02-22 00:00:00.000	9043	2024-01-25 20:15:41.962	1	1	SEED	0	1
5076	ATCAS_ROAD.I580.GZeb	1	281	ACTIVE	5076	"580 Greenville Zone EB"			23	0	E	2016-02-22 00:00:00.000	9043	2024-01-25 20:15:41.962	1	1	SEED	0	1
5110	ATCAS_ROAD.SR237.I880Cwb	10	281	ACTIVE	5110	SR 237/I-880 Connector WB			23	0	W	2012-06-11 00:00:00.000	9043	2024-01-25 20:15:41.962	1	1	SEED	0	1
5111	ATCAS_ROAD.SR237.Zawb	10	281	ACTIVE	5111	SR 237 First WB			23	0	W	2012-06-11 00:00:00.000	9043	2024-01-25 20:15:41.962	1	1	SEED	0	1
5112	ATCAS_ROAD.SR237.1wb	10	281	ACTIVE	5112	SR 237 N. First WB			23	0	W	2019-11-06 10:04:19.364	9043	2024-01-25 20:15:41.962	1	1	SEED	0	1
5113	ATCAS_ROAD.SR237.GAwb	10	281	ACTIVE	5113	SR 237 Great America WB			23	0	W	2019-11-06 10:04:19.365	9043	2024-01-25 20:15:41.962	1	1	SEED	0	1
5114	ATCAS_ROAD.SR237.Maeb	10	281	ACTIVE	5114	SR 237 Mathilda EB			23	0	E	2019-11-06 10:04:19.367	9043	2024-01-25 20:15:41.962	1	1	SEED	0	1
5115	ATCAS_ROAD.SR237.Laeb	10	281	ACTIVE	5115	SR 237 Lawrence EB			23	0	E	2019-11-06 10:04:19.370	9043	2024-01-25 20:15:41.962	1	1	SEED	0	1
5116	ATCAS_ROAD.SR237.GAeb	10	281	ACTIVE	5116	SR 237 Great America EB			23	0	E	2019-11-06 10:04:19.372	9043	2024-01-25 20:15:41.962	1	1	SEED	0	1
5117	ATCAS_ROAD.SR237.N1eb	10	281	ACTIVE	5117	SR 237 N. First EB			23	0	E	2019-11-06 10:04:19.374	9043	2024-01-25 20:15:41.962	1	1	SEED	0	1
5118	ATCAS_ROAD.SR237.1eb	10	281	ACTIVE	5118	SR 237 First EB			23	0	E	2012-06-11 00:00:00.000	9043	2024-01-25 20:15:41.962	1	1	SEED	0	1
5119	ATCAS_ROAD.SR237.I880Ceb	10	281	ACTIVE	5119	SR 237/I-880 Connector EB			23	0	E	2012-06-11 00:00:00.000	9043	2024-01-25 20:15:41.962	1	1	SEED	0	1
5121	ATCAS_ROAD.US101.OEsb	1026	281	ACTIVE	5121	US 101 Oregon Expwy SB #1			23	0	S	2021-09-26 14:02:04.633	9043	2024-01-25 20:15:41.962	1	1	SEED	0	1
5122	ATCAS_ROAD.US101.SAsb	1026	281	ACTIVE	5122	US 101 San Antonio SB #1			23	0	S	2021-09-26 14:03:43.180	9043	2024-01-25 20:15:41.962	1	1	SEED	0	1
5123	ATCAS_ROAD.US101.NSsb	1026	281	ACTIVE	5123	US 101 N Shoreline SB #1			23	0	S	2021-09-26 14:05:02.472	9043	2024-01-25 20:15:41.962	1	1	SEED	0	1
5124	ATCAS_ROAD.US101.MBsb	1026	281	ACTIVE	5124	US 101 Moffett Blvd SB #1			23	0	S	2021-09-26 14:06:22.931	9043	2024-01-25 20:15:41.962	1	1	SEED	0	1
5125	ATCAS_ROAD.US101.ESsb	1026	281	ACTIVE	5125	US 101 Ellis Street SB #1			23	0	S	2021-09-26 14:07:21.543	9043	2024-01-25 20:15:41.962	1	1	SEED	0	1
5175	ATCAS_ROAD.US101.MBnb	1026	281	ACTIVE	5175	US 101 Moffett Blvd NB #1			23	0	N	2021-09-26 14:13:47.411	9043	2024-01-25 20:15:41.962	1	1	SEED	0	1
5176	ATCAS_ROAD.US101.NSnb	1026	281	ACTIVE	5176	US 101 N Shoreline NB #1			23	0	N	2021-09-26 14:09:02.115	9043	2024-01-25 20:15:41.962	1	1	SEED	0	1
5177	ATCAS_ROAD.US101.Amnb	1026	281	ACTIVE	5177	US 101 Amphitheatre NB #1			23	0	N	2021-09-26 14:10:52.452	9043	2024-01-25 20:15:41.962	1	1	SEED	0	1
5178	ATCAS_ROAD.US101.SAnb	1026	281	ACTIVE	5178	US 101 San Antonio NB #1			23	0	N	2021-09-26 14:11:28.944	9043	2024-01-25 20:15:41.962	1	1	SEED	0	1
5179	ATCAS_ROAD.US101.OEnb	1026	281	ACTIVE	5179	US 101 Oregon Expwy NB #1			23	0	N	2021-09-26 14:15:04.276	9043	2024-01-25 20:15:41.962	1	1	SEED	0	1
5180	ATCAS_ROAD.US101.Emnb	1026	281	ACTIVE	5180	US 101 Embarcadero NB #1			23	0	N	2021-09-26 14:15:48.435	9043	2024-01-25 20:15:41.962	1	1	SEED	0	1
5181	ATCAS_ROAD.SR85.SR85Csb	1025	281	ACTIVE	5181	SR 85 Connector SB #1			23	0	S	2021-09-26 14:17:16.301	9043	2024-01-25 20:15:41.962	1	1	SEED	0	1
5209	ATCAS_ROAD.SR85.SR85Cnb	1025	281	ACTIVE	5209	SR 85 Connector NB #1			23	0	N	2021-09-26 14:18:10.626	9043	2024-01-25 20:15:41.962	1	1	SEED	0	1
5210	ATCAS_ROAD.I680.CCZsb	2	281	ACTIVE	5210	"680 Crow Canyon Zone SB"			23	0	S	2017-08-31 00:00:00.000	9043	2024-01-25 20:15:41.962	1	1	SEED	0	1
5211	ATCAS_ROAD.I680.AZsb	2	281	ACTIVE	5211	"680 Alcosta Zone SB"			23	0	S	2017-08-31 00:00:00.000	9043	2024-01-25 20:15:41.962	1	1	SEED	0	1
5212	ATCAS_ROAD.I680.CCZnb	2	281	ACTIVE	5212	"680 Crow Canyon Zone NB"			23	0	N	2017-08-31 00:00:00.000	9043	2024-01-25 20:15:41.962	1	1	SEED	0	1
5213	ATCAS_ROAD.I680.LZnb	2	281	ACTIVE	5213	"680 Livorna Zone NB"			23	0	N	2017-08-31 00:00:00.000	9043	2024-01-25 20:15:41.962	1	1	SEED	0	1
5214	ATCAS_ROAD.I680.MZsb	2	281	ACTIVE	5214	"680 Monument Zone SB"			23	0	S	2021-09-01 00:00:00.000	9043	2024-01-25 20:15:41.962	1	1	SEED	0	1
5215	ATCAS_ROAD.I680.SMZsb	2	281	ACTIVE	5215	"680 South Main Zone SB"			23	0	S	2021-09-01 00:00:00.000	9043	2024-01-25 20:15:41.962	1	1	SEED	0	1
5216	ATCAS_ROAD.I680.ECZsb	2	281	ACTIVE	5216	"680 El Cerro Zone SB"			23	0	S	2021-09-01 00:00:00.000	9043	2024-01-25 20:15:41.962	1	1	SEED	0	1
5310	ATCAS_ROAD.I880.Dasb	111	281	ACTIVE	5310	I-880 Davis SB			23	0	S	2019-11-20 18:35:26.943	7	2024-01-25 20:15:41.962	1	1	SEED	0	1
5311	ATCAS_ROAD.I880.Hesb	111	281	ACTIVE	5311	I-880 Hesperian SB			23	0	S	2019-11-20 18:35:26.945	7	2024-01-25 20:15:41.962	1	1	SEED	0	1
5312	ATCAS_ROAD.I880.SR92sb	111	281	ACTIVE	5312	I-880 SR92 SB			23	0	S	2019-11-20 18:35:26.947	7	2024-01-25 20:15:41.962	1	1	SEED	0	1
5313	ATCAS_ROAD.I880.Insb	111	281	ACTIVE	5313	I-880 Industrial SB			23	0	S	2019-11-20 18:35:26.949	7	2024-01-25 20:15:41.962	1	1	SEED	0	1
5314	ATCAS_ROAD.I880.Alsb	111	281	ACTIVE	5314	I-880 Alvarado SB			23	0	S	2019-11-20 18:35:26.951	7	2024-01-25 20:15:41.962	1	1	SEED	0	1
5315	ATCAS_ROAD.I880.Mosb	111	281	ACTIVE	5315	I-880 Mowry SB			23	0	S	2019-11-20 18:35:26.954	7	2024-01-25 20:15:41.962	1	1	SEED	0	1
5316	ATCAS_ROAD.I880.Misb	111	281	ACTIVE	5316	I-880 Mission SB			23	0	S	2019-11-20 18:35:26.956	7	2024-01-25 20:15:41.962	1	1	SEED	0	1
5317	ATCAS_ROAD.I880.Minb	111	281	ACTIVE	5317	I-880 Mission NB			23	0	N	2019-11-20 18:35:26.958	7	2024-01-25 20:15:41.962	1	1	SEED	0	1
5318	ATCAS_ROAD.I880.AMnb	111	281	ACTIVE	5318	I-880 Auto Mall NB			23	0	N	2019-11-20 18:35:26.960	7	2024-01-25 20:15:41.962	1	1	SEED	0	1
5319	ATCAS_ROAD.I880.Thnb	111	281	ACTIVE	5319	I-880 Thornton NB			23	0	N	2019-11-20 18:35:26.963	7	2024-01-25 20:15:41.962	1	1	SEED	0	1
5320	ATCAS_ROAD.I880.Alnb	111	281	ACTIVE	5320	I-880 Alvarado NB			23	0	N	2019-11-20 18:35:26.965	7	2024-01-25 20:15:41.962	1	1	SEED	0	1
5321	ATCAS_ROAD.I880.SR92nb	111	281	ACTIVE	5321	I-880 SR92 NB			23	0	N	2019-11-20 18:35:26.967	7	2024-01-25 20:15:41.962	1	1	SEED	0	1
5410	ATCAS_ROAD.SM101.Emsb	7962	281	ACTIVE	5410	SM 101 Embarcadero SB			23	0	S	2022-02-17 14:18:11.000	9043	2024-01-25 20:15:41.962	1	1	SEED	0	1
5411	ATCAS_ROAD.SM101.Wosb	7962	281	ACTIVE	5411	SM 101 Woodside SB			23	0	S	2022-02-17 14:18:11.000	9043	2024-01-25 20:15:41.962	1	1	SEED	0	1
5412	ATCAS_ROAD.SM101.Rasb	7962	281	ACTIVE	5412	SM 101 Ralston SB			23	0	S	2022-02-17 14:18:11.000	9043	2024-01-25 20:15:41.962	1	1	SEED	0	1
5413	ATCAS_ROAD.SM101.3sb	7962	281	ACTIVE	5413	SM 101 3rd St SB			23	0	S	2022-02-17 14:18:11.000	9043	2024-01-25 20:15:41.962	1	1	SEED	0	1
5414	ATCAS_ROAD.SM101.Brsb	7962	281	ACTIVE	5414	SM 101 Broadway SB			23	0	S	2022-02-17 14:18:11.000	9043	2024-01-25 20:15:41.962	1	1	SEED	0	1
5510	ATCAS_ROAD.SM101.Manb	7962	281	ACTIVE	5510	SM 101 Marsh NB			23	0	N	2022-02-17 14:18:11.000	9043	2024-01-25 20:15:41.962	1	1	SEED	0	1
5511	ATCAS_ROAD.SM101.Ranb	7962	281	ACTIVE	5511	SM 101 Ralston NB			23	0	N	2022-02-17 14:18:11.000	9043	2024-01-25 20:15:41.962	1	1	SEED	0	1
5512	ATCAS_ROAD.SM101.SR92nb	7962	281	ACTIVE	5512	SM 101 SR 92 NB			23	0	N	2022-02-17 14:18:11.000	9043	2024-01-25 20:15:41.962	1	1	SEED	0	1
5513	ATCAS_ROAD.SM101.Brnb	7962	281	ACTIVE	5513	SM 101 Broadway NB			23	0	N	2022-02-17 14:18:11.000	9043	2024-01-25 20:15:41.962	1	1	SEED	0	1
5514	ATCAS_ROAD.SM101.I380nb	7962	281	ACTIVE	5514	SM 101 I-380 NB			23	0	N	2022-02-17 14:18:11.000	9043	2024-01-25 20:15:41.962	1	1	SEED	0	1
5618	ATCAS_ROAD.I80.I80SR12wb	38	281	ACTIVE	5618	I-80 SR-12 West WB			23	0		2026-01-06 17:43:33.882	1	2026-01-06 17:43:33.882	1	0	RICK-EMERGENCY	0	1
6000	LAMTA_ROAD.I110.HGTC-Ro	5	281	ACTIVE	6000	"110NB HGTC To Rosecrans"			24	0	N	2012-06-11 00:00:00.000	9043	2024-01-25 20:15:41.962	1	1	SEED	0	1
6001	LAMTA_ROAD.I110.HGTC-I105	5	281	ACTIVE	6001	"110NB HGTC To I-105"			24	0	N	2012-10-30 00:00:00.000	9043	2024-01-25 20:15:41.962	1	1	SEED	0	1
6002	LAMTA_ROAD.I110.HGTC-Sl	5	281	ACTIVE	6002	"110NB HGTC To Slauson"			24	0	N	2012-10-30 00:00:00.000	9043	2024-01-25 20:15:41.962	1	1	SEED	0	1
6003	LAMTA_ROAD.I110.HGTC-39	5	281	ACTIVE	6003	"110NB HGTC To 39th"			24	0	N	2012-10-30 00:00:00.000	9043	2024-01-25 20:15:41.962	1	1	SEED	0	1
6004	LAMTA_ROAD.I110.HGTC-Ad	5	281	ACTIVE	6004	"110NB HGTC To Adams"			24	0	N	2012-10-30 00:00:00.000	9043	2024-01-25 20:15:41.962	1	1	SEED	0	1
6005	LAMTA_ROAD.I110.Ro-I105	5	281	ACTIVE	6005	"110NB Rosecrans To I-105"			24	0	N	2012-10-30 00:00:00.000	9043	2024-01-25 20:15:41.962	1	1	SEED	0	1
6006	LAMTA_ROAD.I110.Ro-Sl	5	281	ACTIVE	6006	"110NB Rosecrans To Slauson"			24	0	N	2012-10-30 00:00:00.000	9043	2024-01-25 20:15:41.962	1	1	SEED	0	1
6007	LAMTA_ROAD.I110.Ro-39	5	281	ACTIVE	6007	"110NB Rosecrans To 39th"			24	0	N	2012-10-30 00:00:00.000	9043	2024-01-25 20:15:41.962	1	1	SEED	0	1
6008	LAMTA_ROAD.I110.Ro-Ad	5	281	ACTIVE	6008	"110NB Rosecrans To Adams"			24	0	N	2012-10-30 00:00:00.000	9043	2024-01-25 20:15:41.962	1	1	SEED	0	1
6009	LAMTA_ROAD.I110.I105-Sl	5	281	ACTIVE	6009	"110NB I-105 To Slauson"			24	0	N	2012-10-30 00:00:00.000	9043	2024-01-25 20:15:41.962	1	1	SEED	0	1
6010	LAMTA_ROAD.I110.I105-39	5	281	ACTIVE	6010	"110NB I-105 To 39th"			24	0	N	2012-10-30 00:00:00.000	9043	2024-01-25 20:15:41.962	1	1	SEED	0	1
6011	LAMTA_ROAD.I110.I105-Ad	5	281	ACTIVE	6011	"110NB I-105 to Adams"			24	0	N	2012-10-30 00:00:00.000	9043	2024-01-25 20:15:41.962	1	1	SEED	0	1
6012	LAMTA_ROAD.I110.39-Ad	5	281	ACTIVE	6012	"110NB 39th to Adams"			24	0	N	2012-10-30 00:00:00.000	9043	2024-01-25 20:15:41.962	1	1	SEED	0	1
6013	LAMTA_ROAD.I110.Sl-39	5	281	ACTIVE	6013	"110NB Slauson to 39th"			24	0	N	2012-10-30 00:00:00.000	9043	2024-01-25 20:15:41.962	1	1	SEED	0	1
6014	LAMTA_ROAD.I110.Sl-Ad	5	281	ACTIVE	6014	"110NB Slauson to Adams"			24	0	N	2012-10-30 00:00:00.000	9043	2024-01-25 20:15:41.962	1	1	SEED	0	1
6100	LAMTA_ROAD.I110.Ad-Je	5	281	ACTIVE	6100	"110SB Adams to Jefferson"			24	0	S	2012-10-30 00:00:00.000	9043	2024-01-25 20:15:41.962	1	1	SEED	0	1
6101	LAMTA_ROAD.I110.Ad-Ma	5	281	ACTIVE	6101	"110SB Adams to Manchester"			24	0	S	2012-10-30 00:00:00.000	9043	2024-01-25 20:15:41.962	1	1	SEED	0	1
6102	LAMTA_ROAD.I110.Ad-Ce	5	281	ACTIVE	6102	"110SB Adams to Century"			24	0	S	2012-10-30 00:00:00.000	9043	2024-01-25 20:15:41.962	1	1	SEED	0	1
6103	LAMTA_ROAD.I110.Ad-I105	5	281	ACTIVE	6103	"110SB Adams to I-105"			24	0	S	2012-10-30 00:00:00.000	9043	2024-01-25 20:15:41.962	1	1	SEED	0	1
6104	LAMTA_ROAD.I110.Ad-ES	5	281	ACTIVE	6104	"110SB Adams to El Segundo"			24	0	S	2012-10-30 00:00:00.000	9043	2024-01-25 20:15:41.962	1	1	SEED	0	1
6105	LAMTA_ROAD.I110.Ad-HGTC	5	281	ACTIVE	6105	"110SB Adams to HGTC"			24	0	S	2012-10-30 00:00:00.000	9043	2024-01-25 20:15:41.962	1	1	SEED	0	1
6106	LAMTA_ROAD.I110.Je-Ma	5	281	ACTIVE	6106	"110SB Jefferson to Manchester"			24	0	S	2012-10-30 00:00:00.000	9043	2024-01-25 20:15:41.962	1	1	SEED	0	1
6107	LAMTA_ROAD.I110.Je-Ce	5	281	ACTIVE	6107	"110SB Jefferson to Century"			24	0	S	2012-10-30 00:00:00.000	9043	2024-01-25 20:15:41.962	1	1	SEED	0	1
6108	LAMTA_ROAD.I110.Je-I105	5	281	ACTIVE	6108	"110SB Jefferson to I-105"			24	0	S	2012-10-30 00:00:00.000	9043	2024-01-25 20:15:41.962	1	1	SEED	0	1
6109	LAMTA_ROAD.I110.Je-ES	5	281	ACTIVE	6109	"110SB Jefferson to El Segundo"			24	0	S	2012-10-30 00:00:00.000	9043	2024-01-25 20:15:41.962	1	1	SEED	0	1
6110	LAMTA_ROAD.I110.Je-HGTC	5	281	ACTIVE	6110	"110SB Jefferson to HGTC"			24	0	S	2012-10-30 00:00:00.000	9043	2024-01-25 20:15:41.962	1	1	SEED	0	1
6111	LAMTA_ROAD.I110.39-Ma	5	281	ACTIVE	6111	"110SB 39th to Manchester"			24	0	S	2012-10-30 00:00:00.000	9043	2024-01-25 20:15:41.962	1	1	SEED	0	1
6112	LAMTA_ROAD.I110.39-Ce	5	281	ACTIVE	6112	"110SB 39th to Century"			24	0	S	2012-10-30 00:00:00.000	9043	2024-01-25 20:15:41.962	1	1	SEED	0	1
6113	LAMTA_ROAD.I110.39-I105	5	281	ACTIVE	6113	"110SB 39th to I-105"			24	0	S	2012-10-30 00:00:00.000	9043	2024-01-25 20:15:41.962	1	1	SEED	0	1
6114	LAMTA_ROAD.I110.39-ES	5	281	ACTIVE	6114	"110SB 39th to El Segundo"			24	0	S	2012-10-30 00:00:00.000	9043	2024-01-25 20:15:41.962	1	1	SEED	0	1
6115	LAMTA_ROAD.I110.39-HGTC	5	281	ACTIVE	6115	"110SB 39th to HGTC"			24	0	S	2012-10-30 00:00:00.000	9043	2024-01-25 20:15:41.962	1	1	SEED	0	1
6116	LAMTA_ROAD.I110.Ma-Ce	5	281	ACTIVE	6116	"110SB Manchester to Century"			24	0	S	2012-10-30 00:00:00.000	9043	2024-01-25 20:15:41.962	1	1	SEED	0	1
6117	LAMTA_ROAD.I110.Ma-I105	5	281	ACTIVE	6117	"110SB Manchester to I-105"			24	0	S	2012-10-30 00:00:00.000	9043	2024-01-25 20:15:41.962	1	1	SEED	0	1
6118	LAMTA_ROAD.I110.Ma-ES	5	281	ACTIVE	6118	"110SB Manchester to El Segundo"			24	0	S	2012-10-30 00:00:00.000	9043	2026-02-02 12:58:01.556	1	2	SEED	0	1
6119	LAMTA_ROAD.I110.Ma-HGTC	5	281	ACTIVE	6119	"110SB Manchester to HGTC"			24	0	S	2012-10-30 00:00:00.000	9043	2024-01-25 20:15:41.962	1	1	SEED	0	1
6120	LAMTA_ROAD.I110.Ce-I105	5	281	ACTIVE	6120	"110SB Century to I-105"			24	0	S	2012-10-30 00:00:00.000	9043	2024-01-25 20:15:41.962	1	1	SEED	0	1
6121	LAMTA_ROAD.I110.Ce-ES	5	281	ACTIVE	6121	"110SB Century to El Segundo"			24	0	S	2012-10-30 00:00:00.000	9043	2024-01-25 20:15:41.962	1	1	SEED	0	1
6122	LAMTA_ROAD.I110.Ce-HGTC	5	281	ACTIVE	6122	"110SB Century to HGTC"			24	0	S	2012-10-30 00:00:00.000	9043	2024-01-25 20:15:41.962	1	1	SEED	0	1
6123	LAMTA_ROAD.I110.I105-ES	5	281	ACTIVE	6123	"110SB I-105 to El Segundo"			24	0	S	2012-10-30 00:00:00.000	9043	2024-01-25 20:15:41.962	1	1	SEED	0	1
6124	LAMTA_ROAD.I110.I105-HGTC	5	281	ACTIVE	6124	"110SB I-105 to HGTC"			24	0	S	2012-10-30 00:00:00.000	9043	2024-01-25 20:15:41.962	1	1	SEED	0	1
6125	LAMTA_ROAD.I110.ES-HGTC	5	281	ACTIVE	6125	"110SB El Segundo to HGTC"			24	0	S	2012-10-30 00:00:00.000	9043	2024-01-25 20:15:41.962	1	1	SEED	0	1
6200	LAMTA_ROAD.I10.Al-I710	3	281	ACTIVE	6200	"10EB Alameda to I-710"			24	0	E	2012-10-30 00:00:00.000	9043	2024-01-25 20:15:41.962	1	1	SEED	0	1
6201	LAMTA_ROAD.I10.Al-At	3	281	ACTIVE	6201	"10EB Alameda to Atlantic"			24	0	E	2012-10-30 00:00:00.000	9043	2024-01-25 20:15:41.962	1	1	SEED	0	1
6202	LAMTA_ROAD.I10.Al-DM	3	281	ACTIVE	6202	"10EB Alameda to Del Mar"			24	0	E	2012-10-30 00:00:00.000	9043	2024-01-25 20:15:41.962	1	1	SEED	0	1
6203	LAMTA_ROAD.I10.Al-Ba	3	281	ACTIVE	6203	"10EB Alameda to Baldwin"			24	0	E	2012-10-30 00:00:00.000	9043	2024-01-25 20:15:41.962	1	1	SEED	0	1
6204	LAMTA_ROAD.I10.Al-I605	3	281	ACTIVE	6204	"10EB Alameda to I-605"			24	0	E	2012-10-30 00:00:00.000	9043	2024-01-25 20:15:41.962	1	1	SEED	0	1
6205	LAMTA_ROAD.I10.I710-At	3	281	ACTIVE	6205	"10EB I-710 to Atlantic"			24	0	E	2012-10-30 00:00:00.000	9043	2024-01-25 20:15:41.962	1	1	SEED	0	1
6206	LAMTA_ROAD.I10.I710-DM	3	281	ACTIVE	6206	"10EB I-710 to Del Mar"			24	0	E	2012-10-30 00:00:00.000	9043	2024-01-25 20:15:41.962	1	1	SEED	0	1
6207	LAMTA_ROAD.I10.I710-Ba	3	281	ACTIVE	6207	"10EB I-710 to Baldwin"			24	0	E	2012-10-30 00:00:00.000	9043	2024-01-25 20:15:41.962	1	1	SEED	0	1
6208	LAMTA_ROAD.I10.I710-I605	3	281	ACTIVE	6208	"10EB I-710 to I-605"			24	0	E	2012-10-30 00:00:00.000	9043	2024-01-25 20:15:41.962	1	1	SEED	0	1
6209	LAMTA_ROAD.I10.At-DM	3	281	ACTIVE	6209	"10EB Atlantic to Del Mar"			24	0	E	2012-10-30 00:00:00.000	9043	2024-01-25 20:15:41.962	1	1	SEED	0	1
6210	LAMTA_ROAD.I10.At-Ba	3	281	ACTIVE	6210	"10EB Atlantic to Baldwin"			24	0	E	2012-10-30 00:00:00.000	9043	2024-01-25 20:15:41.962	1	1	SEED	0	1
6211	LAMTA_ROAD.I10.At-I605	3	281	ACTIVE	6211	"10EB Atlantic to I-605"			24	0	E	2012-10-30 00:00:00.000	9043	2024-01-25 20:15:41.962	1	1	SEED	0	1
6212	LAMTA_ROAD.I10.DM-Ba	3	281	ACTIVE	6212	"10EB Del Mar to Baldwin"			24	0	E	2012-10-30 00:00:00.000	9043	2024-01-25 20:15:41.962	1	1	SEED	0	1
6213	LAMTA_ROAD.I10.DM-I605	3	281	ACTIVE	6213	"10EB Del Mar to I-605"			24	0	E	2012-10-30 00:00:00.000	9043	2024-01-25 20:15:41.962	1	1	SEED	0	1
6214	LAMTA_ROAD.I10.Ba-I605	3	281	ACTIVE	6214	"10EB Baldwin to I-605"			24	0	E	2012-10-30 00:00:00.000	9043	2024-01-25 20:15:41.962	1	1	SEED	0	1
6301	LAMTA_ROAD.I10.I605-Fr	3	281	ACTIVE	6301	"10WB I-605 to Fremont"			24	0	W	2012-10-30 00:00:00.000	9043	2024-01-25 20:15:41.962	1	1	SEED	0	1
6302	LAMTA_ROAD.I10.I605-I710	3	281	ACTIVE	6302	"10WB I-605 to I-710"			24	0	W	2012-10-30 00:00:00.000	9043	2024-01-25 20:15:41.962	1	1	SEED	0	1
6303	LAMTA_ROAD.I10.I605-Al	3	281	ACTIVE	6303	"10WB I-605 to Alameda"			24	0	W	2012-10-30 00:00:00.000	9043	2024-01-25 20:15:41.962	1	1	SEED	0	1
6304	LAMTA_ROAD.I10.DM-At	3	281	ACTIVE	6304	"10WB Del Mar to Atlantic"			24	0	W	2012-10-30 00:00:00.000	9043	2024-01-25 20:15:41.962	1	1	SEED	0	1
6305	LAMTA_ROAD.I10.DM-I710	3	281	ACTIVE	6305	"10WB Del Mar to I-710"			24	0	W	2012-10-30 00:00:00.000	9043	2024-01-25 20:15:41.962	1	1	SEED	0	1
6306	LAMTA_ROAD.I10.DM-Al	3	281	ACTIVE	6306	"10WB Del Mar to Alameda"			24	0	W	2012-10-30 00:00:00.000	9043	2024-01-25 20:15:41.962	1	1	SEED	0	1
6307	LAMTA_ROAD.I10.Fr-I710	3	281	ACTIVE	6307	"10WB Fremont to I-710"			24	0	W	2012-10-30 00:00:00.000	9043	2024-01-25 20:15:41.962	1	1	SEED	0	1
6308	LAMTA_ROAD.I10.Fr-US101	3	281	ACTIVE	6308	"10WB Fremont to US-101"			24	0	W	2012-10-30 00:00:00.000	9043	2024-01-25 20:15:41.962	1	1	SEED	0	1
6309	LAMTA_ROAD.I10.Fr-Al	3	281	ACTIVE	6309	"10WB Fremont to Alameda"			24	0	W	2012-10-30 00:00:00.000	9043	2024-01-25 20:15:41.962	1	1	SEED	0	1
6310	LAMTA_ROAD.I10.DM-US101	3	281	ACTIVE	6310	"10WB Del Mar to US-101"			24	0	W	2012-10-30 00:00:00.000	9043	2024-01-25 20:15:41.962	1	1	SEED	0	1
6311	LAMTA_ROAD.I10.I605-US101	3	281	ACTIVE	6311	"10WB I-605 to US-101"			24	0	W	2012-10-30 00:00:00.000	9043	2024-01-25 20:15:41.962	1	1	SEED	0	1
7000	SBCTA_ROAD.I10.EM	121894	281	ACTIVE	7000	I-10 East Mountain			62	0	E	2022-11-28 13:12:00.241	9043	2024-01-25 20:15:41.962	1	1	SEED	0	1
7001	SBCTA_ROAD.I10.EE	121894	281	ACTIVE	7001	I-10 East Fourth			62	0	E	2022-11-28 13:14:06.081	9043	2026-02-02 12:58:01.556	1	2	SEED	0	1
7002	SBCTA_ROAD.I10.EV	121894	281	ACTIVE	7002	I-10 East Haven			62	0	E	2022-11-28 13:15:42.881	9043	2026-02-02 12:58:01.556	1	2	SEED	0	1
7003	SBCTA_ROAD.I10.EH	121894	281	ACTIVE	7003	I-10 East Etiwanda			62	0	E	2022-11-28 13:17:03.065	9043	2026-02-02 12:58:01.556	1	2	SEED	0	1
7050	SBCTA_ROAD.I10.WM	121894	281	ACTIVE	7050	I-10 West LA County			62	0	W	2022-11-28 13:20:59.963	9043	2026-02-02 12:58:01.556	1	2	SEED	0	1
7051	SBCTA_ROAD.I10.WE	121894	281	ACTIVE	7051	I-10 West Mountain			62	0	W	2022-11-28 14:23:05.333	9043	2026-02-02 12:58:01.556	1	2	SEED	0	1
7052	SBCTA_ROAD.I10.WV	121894	281	ACTIVE	7052	I-10 West Fourth			62	0	W	2022-11-28 14:24:29.509	9043	2026-02-02 12:58:01.556	1	2	SEED	0	1
7053	SBCTA_ROAD.I10.WI15	121894	281	ACTIVE	7053	I-10 West Haven			62	0	W	2022-11-28 14:25:57.463	9043	2026-02-02 12:58:01.556	1	2	SEED	0	1
8016	SANDAG_ROAD.I15SD.SR163A	4	281	ACTIVE	8016	SR 163 Access			25	0	"0"	2008-08-13 16:13:00.000	9068	2024-01-25 20:15:41.962	1	1	SEED	0	1
8017	SANDAG_ROAD.I15SD.I15A	4	281	ACTIVE	8017	I-15 Access			25	0	"0"	2008-08-13 16:13:00.000	9068	2024-01-25 20:15:41.962	1	1	SEED	0	1
8018	SANDAG_ROAD.I15SD.Amnben	4	281	ACTIVE	8018	Ammo Rd NB Entry			25	0	"0"	2008-08-13 16:13:00.000	9068	2024-01-25 20:15:41.962	1	1	SEED	0	1
8019	SANDAG_ROAD.I15SD.MWnb	4	281	ACTIVE	8019	Miramar Way NB			25	0	"0"	2008-08-13 16:13:00.000	9068	2024-01-25 20:15:41.962	1	1	SEED	0	1
8020	SANDAG_ROAD.I15SD.Mibnen	4	281	ACTIVE	8020	Miramar Rd NB Entry			25	0	"0"	2008-08-13 16:13:00.000	9068	2024-01-25 20:15:41.962	1	1	SEED	0	1
8021	SANDAG_ROAD.I15SD.MMBnben	4	281	ACTIVE	8021	Mira Mesa Bl NB Entry			25	0	"0"	2008-08-13 16:13:00.000	9068	2024-01-25 20:15:41.962	1	1	SEED	0	1
8022	SANDAG_ROAD.I15SD.MMBnb	4	281	ACTIVE	8022	Mira Mesa Bl NB			25	0	"0"	2008-08-13 16:13:00.000	9068	2024-01-25 20:15:41.962	1	1	SEED	0	1
8023	SANDAG_ROAD.I15SD.Ponb	4	281	ACTIVE	8023	Poway Rd NB			25	0	"0"	2008-08-13 16:13:00.000	9068	2024-01-25 20:15:41.962	1	1	SEED	0	1
8024	SANDAG_ROAD.I15SD.SR56nbex	4	281	ACTIVE	8024	SR 56 NB Exit			25	0	"0"	2008-08-13 16:13:00.000	9068	2024-01-25 20:15:41.962	1	1	SEED	0	1
8025	SANDAG_ROAD.I15SD.SBT	4	281	ACTIVE	8025	Sabre Springs Transit			25	0	"0"	2008-08-13 16:13:00.000	9068	2024-01-25 20:15:41.962	1	1	SEED	0	1
8026	SANDAG_ROAD.I15SD.SR56nben	4	281	ACTIVE	8026	SR 56 NB Entry			25	0	"0"	2008-08-13 16:13:00.000	9068	2024-01-25 20:15:41.962	1	1	SEED	0	1
8027	SANDAG_ROAD.I15SD.CMnb	4	281	ACTIVE	8027	Carmel Mountain Rd NB			25	0	"0"	2008-08-13 16:13:00.000	9068	2024-01-25 20:15:41.962	1	1	SEED	0	1
8028	SANDAG_ROAD.I15SD.CDNnb	4	281	ACTIVE	8028	Camino del Norte NB			25	0	"0"	2008-08-13 16:13:00.000	9068	2024-01-25 20:15:41.962	1	1	SEED	0	1
8029	SANDAG_ROAD.I15SD.BCDnb	4	281	ACTIVE	8029	Bernardo Center Dr NB			25	0	"0"	2008-08-13 16:13:00.000	9068	2024-01-25 20:15:41.962	1	1	SEED	0	1
8030	SANDAG_ROAD.I15SD.Dunben	4	281	ACTIVE	8030	Duenda Rd NB Entry			25	0	"0"	2008-08-13 16:13:00.000	9068	2024-01-25 20:15:41.962	1	1	SEED	0	1
8031	SANDAG_ROAD.I15SD.VRPnb	4	281	ACTIVE	8031	Via Rancho Pkwy NB			25	0	"0"	2008-08-13 16:13:00.000	9068	2024-01-25 20:15:41.962	1	1	SEED	0	1
8032	SANDAG_ROAD.I15SD.DLnbex	4	281	ACTIVE	8032	Del Lago NB Exit			25	0	"0"	2008-08-13 16:13:00.000	9068	2024-01-25 20:15:41.962	1	1	SEED	0	1
8033	SANDAG_ROAD.I15SD.DLnben	4	281	ACTIVE	8033	Del Lago NB Entry			25	0	"0"	2008-08-13 16:13:00.000	9068	2024-01-25 20:15:41.962	1	1	SEED	0	1
8034	SANDAG_ROAD.I15SD.CCnben	4	281	ACTIVE	8034	Centre City NB Entry			25	0	"0"	2008-08-13 16:13:00.000	9068	2024-01-25 20:15:41.962	1	1	SEED	0	1
8035	SANDAG_ROAD.I15SD.CCPnb	4	281	ACTIVE	8035	Centre City Pkwy NB			25	0	"0"	2008-08-13 16:13:00.000	9068	2024-01-25 20:15:41.962	1	1	SEED	0	1
8036	SANDAG_ROAD.I15SD.Fenb	4	281	ACTIVE	8036	Felicita Rd NB			25	0	"0"	2008-08-13 16:13:00.000	9068	2024-01-25 20:15:41.962	1	1	SEED	0	1
8037	SANDAG_ROAD.I15SD.HAnbex	4	281	ACTIVE	8037	Hale Ave NB Exit			25	0	"0"	2008-08-13 16:13:00.000	9068	2024-01-25 20:15:41.962	1	1	SEED	0	1
8039	SANDAG_ROAD.I15SD.SR78sben	4	281	ACTIVE	8039	SR 78 SB Entrance			25	0	"0"	2008-08-13 16:13:00.000	9068	2024-01-25 20:15:41.962	1	1	SEED	0	1
8040	SANDAG_ROAD.I15SD.HAsben	4	281	ACTIVE	8040	Hale Ave SB Entry			25	0	"0"	2008-08-13 16:13:00.000	9068	2024-01-25 20:15:41.962	1	1	SEED	0	1
8041	SANDAG_ROAD.I15SD.Fesb	4	281	ACTIVE	8041	Felicita Rd SB			25	0	"0"	2008-08-13 16:13:00.000	9068	2024-01-25 20:15:41.962	1	1	SEED	0	1
8042	SANDAG_ROAD.I15SD.9sben	4	281	ACTIVE	8042	"9th Ave SB Entry"			25	0	"0"	2008-08-13 16:13:00.000	9068	2024-01-25 20:15:41.962	1	1	SEED	0	1
8043	SANDAG_ROAD.I15SD.CCPsb	4	281	ACTIVE	8043	Centre City Pkwy SB			25	0	"0"	2008-08-13 16:13:00.000	9068	2024-01-25 20:15:41.962	1	1	SEED	0	1
8044	SANDAG_ROAD.I15SD.DLsbex	4	281	ACTIVE	8044	Del Lago SB Exit			25	0	"0"	2008-08-13 16:13:00.000	9068	2024-01-25 20:15:41.962	1	1	SEED	0	1
8045	SANDAG_ROAD.I15SD.DLsben	4	281	ACTIVE	8045	Del Lago SB Entry			25	0	"0"	2008-08-13 16:13:00.000	9068	2024-01-25 20:15:41.962	1	1	SEED	0	1
8046	SANDAG_ROAD.I15SD.VRPsb	4	281	ACTIVE	8046	Via Rancho Pkwy SB			25	0	"0"	2008-08-13 16:13:00.000	9068	2024-01-25 20:15:41.962	1	1	SEED	0	1
8047	SANDAG_ROAD.I15SD.Dusben	4	281	ACTIVE	8047	Duenda Rd SB Entry			25	0	"0"	2008-08-13 16:13:00.000	9068	2024-01-25 20:15:41.962	1	1	SEED	0	1
8048	SANDAG_ROAD.I15SD.RBT	4	281	ACTIVE	8048	Rancho Bernardo Transit			25	0	"0"	2008-08-13 16:13:00.000	9068	2024-01-25 20:15:41.962	1	1	SEED	0	1
8049	SANDAG_ROAD.I15SD.BCDsb	4	281	ACTIVE	8049	Bernardo Center Dr SB			25	0	"0"	2008-08-13 16:13:00.000	9068	2024-01-25 20:15:41.962	1	1	SEED	0	1
8050	SANDAG_ROAD.I15SD.CDNsb	4	281	ACTIVE	8050	Camino del Norte SB			25	0	"0"	2008-08-13 16:13:00.000	9068	2024-01-25 20:15:41.962	1	1	SEED	0	1
8051	SANDAG_ROAD.I15SD.CMsb	4	281	ACTIVE	8051	Carmel Mountain Rd SB			25	0	"0"	2008-08-13 16:13:00.000	9068	2024-01-25 20:15:41.962	1	1	SEED	0	1
8052	SANDAG_ROAD.I15SD.SR56sben	4	281	ACTIVE	8052	SR 56 SB Entry			25	0	"0"	2008-08-13 16:13:00.000	9068	2024-01-25 20:15:41.962	1	1	SEED	0	1
8053	SANDAG_ROAD.I15SD.Posb	4	281	ACTIVE	8053	Poway Rd SB			25	0	"0"	2008-08-13 16:13:00.000	9068	2024-01-25 20:15:41.962	1	1	SEED	0	1
8054	SANDAG_ROAD.I15SD.Posben	4	281	ACTIVE	8054	Poway Rd SB Entry			25	0	"0"	2008-08-13 16:13:00.000	9068	2024-01-25 20:15:41.962	1	1	SEED	0	1
8055	SANDAG_ROAD.I15SD.Mesb	4	281	ACTIVE	8055	Mercy Rd SB			25	0	"0"	2008-08-13 16:13:00.000	9068	2024-01-25 20:15:41.962	1	1	SEED	0	1
8056	SANDAG_ROAD.I15SD.Mesben1	4	281	ACTIVE	8056	Mercy Rd SB Entry 1			25	0	"0"	2008-08-13 16:13:00.000	9068	2024-01-25 20:15:41.962	1	1	SEED	0	1
8057	SANDAG_ROAD.I15SD.Mesben2	4	281	ACTIVE	8057	Mercy Rd SB Entry 2			25	0	"0"	2008-08-13 16:13:00.000	9068	2024-01-25 20:15:41.962	1	1	SEED	0	1
8058	SANDAG_ROAD.I15SD.MMT	4	281	ACTIVE	8058	Mira Mesa Transit			25	0	"0"	2008-08-13 16:13:00.000	9068	2024-01-25 20:15:41.962	1	1	SEED	0	1
8059	SANDAG_ROAD.I15SD.Misb	4	281	ACTIVE	8059	Miramar Rd SB			25	0	"0"	2008-08-13 16:13:00.000	9068	2024-01-25 20:15:41.962	1	1	SEED	0	1
8060	SANDAG_ROAD.I15SD.Misben	4	281	ACTIVE	8060	Miramar Rd SB Entry			25	0	"0"	2008-08-13 16:13:00.000	9068	2024-01-25 20:15:41.962	1	1	SEED	0	1
8061	SANDAG_ROAD.I15SD.MWsb	4	281	ACTIVE	8061	Miramar Way SB			25	0	"0"	2008-08-13 16:13:00.000	9068	2024-01-25 20:15:41.962	1	1	SEED	0	1
9001	SANDAG_ROAD.SR125.SR54nbex	8	281	ACTIVE	9001	SR-54 NB Exit			25	0	"0"	2007-12-26 14:25:20.000	9068	2024-01-25 20:15:41.962	1	2	SEED	0	1
9002	SANDAG_ROAD.SR125.SMRnben	8	281	ACTIVE	9002	San Miguel Rch NB On			25	0	"0"	2007-12-26 14:25:20.000	9068	2024-01-25 20:15:41.962	1	2	SEED	0	1
9003	SANDAG_ROAD.SR125.EHnb	8	281	ACTIVE	9003	East H NB			25	0	"0"	2007-12-26 14:25:20.000	9068	2024-01-25 20:15:41.962	1	2	SEED	0	1
9004	SANDAG_ROAD.SR125.OLnb	8	281	ACTIVE	9004	Otay Lakes Rd NB			25	0	"0"	2007-12-26 14:25:20.000	9068	2026-02-02 12:58:01.556	1	3	SEED	0	1
9005	SANDAG_ROAD.SR125.OPnb	8	281	ACTIVE	9005	Olymp Pkwy NB			25	0	"0"	2007-12-26 14:25:20.000	9068	2024-01-25 20:15:41.962	1	2	SEED	0	1
9006	SANDAG_ROAD.SR125.Binb	8	281	ACTIVE	9006	Birch Rd NB			25	0	"0"	2007-12-26 14:25:20.000	9068	2024-01-25 20:15:41.962	1	2	SEED	0	1
9010	SANDAG_ROAD.SR125.OTPnben	8	281	ACTIVE	9010	Otay Toll Plz NB Entry			25	0	"0"	2007-12-26 14:25:20.000	9068	2024-01-25 20:15:41.962	1	2	SEED	0	1
9011	SANDAG_ROAD.SR125.SR54sben	8	281	ACTIVE	9011	SR-54 SB Entry			25	0	"0"	2007-12-26 14:25:20.000	9068	2024-01-25 20:15:41.962	1	2	SEED	0	1
9012	SANDAG_ROAD.SR125.SMRsbex	8	281	ACTIVE	9012	San Miguel Rch SB Off			25	0	"0"	2007-12-26 14:25:20.000	9068	2024-01-25 20:15:41.962	1	2	SEED	0	1
9013	SANDAG_ROAD.SR125.EHsb	8	281	ACTIVE	9013	East H SB			25	0	"0"	2007-12-26 14:25:20.000	9068	2024-01-25 20:15:41.962	1	2	SEED	0	1
9014	SANDAG_ROAD.SR125.OLsb	8	281	ACTIVE	9014	Otay Lakes Rd SB			25	0	"0"	2007-12-26 14:25:20.000	9068	2026-02-02 12:58:01.556	1	3	SEED	0	1
9015	SANDAG_ROAD.SR125.OPsb	8	281	ACTIVE	9015	Olymp Pkwy SB			25	0	"0"	2007-12-26 14:25:20.000	9068	2024-01-25 20:15:41.962	1	2	SEED	0	1
9016	SANDAG_ROAD.SR125.Bisb	8	281	ACTIVE	9016	Birch Rd SB			25	0	"0"	2007-12-26 14:25:20.000	9068	2024-01-25 20:15:41.962	1	2	SEED	0	1
9020	SANDAG_ROAD.SR125.OTPsbex	8	281	ACTIVE	9020	Otay Toll Plz SB Exit			25	0	"0"	2007-12-26 14:25:20.000	9068	2024-01-25 20:15:41.962	1	2	SEED	0	1
9050	OCTA_ROAD.I405.nben	134909	281	ACTIVE	9050	NB I-405 Entrance			64	0		2023-11-20 18:38:02.971	1	2024-01-25 20:15:41.962	1	1	SEED	0	1
9051	OCTA_ROAD.I405.SR73nben	134909	281	ACTIVE	9051	NB SR-73 Entrance			64	0		2023-11-20 18:38:02.971	1	2024-01-25 20:15:41.962	1	1	SEED	0	1
9052	OCTA_ROAD.I405.nben-Ma	134909	281	ACTIVE	9052	NB I-405 Entrance to Magnolia			64	0		2023-11-20 18:38:02.971	1	2024-01-25 20:15:41.962	1	1	SEED	0	1
9053	OCTA_ROAD.I405.Manb-We	134909	281	ACTIVE	9053	NB Magnolia to Westminster			64	0		2023-11-20 18:38:02.971	1	2024-01-25 20:15:41.962	1	1	SEED	0	1
9054	OCTA_ROAD.I405.Wenb-SR22	134909	281	ACTIVE	9054	NB Westminster to I-405/SR-22			64	0		2023-11-20 18:38:02.971	1	2024-01-25 20:15:41.962	1	1	SEED	0	1
9055	OCTA_ROAD.I405.Wenb-I605	134909	281	ACTIVE	9055	NB Westminster to I-405/I-605			64	0		2023-11-20 18:38:02.971	1	2024-01-25 20:15:41.962	1	1	SEED	0	1
9056	OCTA_ROAD.I405.I605nbex	134909	281	ACTIVE	9056	NB I-605 Exit			64	0		2023-11-20 18:38:02.971	1	2024-01-25 20:15:41.962	1	1	SEED	0	1
9057	OCTA_ROAD.I405.nbex	134909	281	ACTIVE	9057	NB I-405 Exit			64	0		2023-11-20 18:38:02.971	1	2024-01-25 20:15:41.962	1	1	SEED	0	1
9060	OCTA_ROAD.I405.SR22wben	134909	281	ACTIVE	9060	WB SR-22 Entrance			64	0		2023-11-20 18:38:02.971	1	2024-01-25 20:15:41.962	1	1	SEED	0	1
9061	OCTA_ROAD.I405.SR212ebex	134909	281	ACTIVE	9061	EB SR-22 Exit			64	0		2023-11-20 18:38:02.971	1	2024-01-25 20:15:41.962	1	1	SEED	0	1
9070	OCTA_ROAD.I405.I605sben	134909	281	ACTIVE	9070	SB I-405/I-605 Entrance			64	0		2023-11-20 18:38:02.971	1	2024-01-25 20:15:41.962	1	1	SEED	0	1
9071	OCTA_ROAD.I405.I605sb-BB	134909	281	ACTIVE	9071	SB I-405/I-605 to Beach Blvd.			64	0		2023-11-20 18:38:02.971	1	2024-01-25 20:15:41.962	1	1	SEED	0	1
9072	OCTA_ROAD.I405.R22sb-BB	134909	281	ACTIVE	9072	SB I-405/SR-22 to Beach Blvd.			64	0		2023-11-20 18:38:02.971	1	2024-01-25 20:15:41.962	1	1	SEED	0	1
9073	OCTA_ROAD.I405.BBsb-Br	134909	281	ACTIVE	9073	SB Beach Blvd. to Brookhurst			64	0		2023-11-20 18:38:02.971	1	2024-01-25 20:15:41.962	1	1	SEED	0	1
9074	OCTA_ROAD.I405.Brsb-SR73	134909	281	ACTIVE	9074	SB Brookhurst to I-405/SR-73			64	0		2023-11-20 18:38:02.971	1	2024-01-25 20:15:41.962	1	1	SEED	0	1
9075	OCTA_ROAD.I405.SR73sbex	134909	281	ACTIVE	9075	SB SR-73 Exit			64	0		2023-11-20 18:38:02.971	1	2024-01-25 20:15:41.962	1	1	SEED	0	1
9076	OCTA_ROAD.I405.I405sbex	134909	281	ACTIVE	9076	SB I-405 Exit			64	0		2023-11-20 18:38:02.971	1	2024-01-25 20:15:41.962	1	1	SEED	0	1
9000000	SJH_ROAD.MD.MD1	16	281	ACTIVE	9000000	McDonalds Store 1 - Costa Mesa			21	0		2003-12-19 17:31:46.126	9068	2026-02-02 12:58:01.556	1	2	SEED	0	1
9001000	SJH_ROAD.MD.MD2	16	281	ACTIVE	9001000	McDonalds Store 2 - Laguna Niguel			21	0		2003-12-19 17:31:46.255	9068	2026-02-02 12:58:01.556	1	2	SEED	0	1
9002000	SJH_ROAD.MD.MD3	16	281	ACTIVE	9002000	McDonalds Store 3 - Mission Viejo			21	0		2003-12-19 17:31:46.354	9068	2026-02-02 12:58:01.556	1	2	SEED	0	1
9003000	SJH_ROAD.MD.MD4	16	281	ACTIVE	9003000	McDonalds Store 4 - Rancho Santa Margarita			21	0		2003-12-19 17:31:46.547	9068	2026-02-02 12:58:01.556	1	2	SEED	0	1
9003315	NTTA_ROAD.NTTA.NTTA-PH	32	281	ACTIVE	10001	Plaza H			67	0		2025-03-05 18:52:24.861	1	2025-03-05 18:52:24.861	1	0	SEED	0	1
9003316	NTTA_ROAD.NTTA.NTTA-PB	32	281	ACTIVE	10000	Plaza B			67	0		2025-03-05 18:52:24.861	1	2025-03-05 18:52:24.861	1	0	SEED	0	1
9003317	NTTA_ROAD.NTTA.C	32	281	ACTIVE	10002	CUSRD			67	0		2025-06-02 10:06:37.570	1	2025-06-02 10:06:37.570	1	1	QUEUE	0	1
9003318	NTTA_ROAD.NTTA.M	32	281	ACTIVE	10003	MOCLN			67	0		2025-06-02 11:10:43.946	1	2025-06-02 11:10:43.946	1	1	QUEUE	0	1
9003319	NTTA_ROAD.NTTA.M4	32	281	ACTIVE	10004	MLP7			67	0		2025-06-02 11:23:23.754	1	2025-06-02 11:23:23.754	1	1	QUEUE	0	1
9003320	NTTA_ROAD.NTTA.M5	32	281	ACTIVE	10005	MLSRD			67	0		2025-06-02 13:41:54.534	1	2025-06-02 13:41:54.534	1	1	QUEUE	0	1
9003321	NTTA_ROAD.NTTA.M6	32	281	ACTIVE	10006	MLP8			67	0		2025-06-02 13:42:43.889	1	2025-06-02 13:42:43.889	1	1	QUEUE	0	1
9003322	NTTA_ROAD.NTTA.M7	32	281	ACTIVE	10007	MLP6			67	0		2025-06-02 13:43:29.620	1	2025-06-02 13:43:29.620	1	1	QUEUE	0	1
9003323	NTTA_ROAD.NTTA.F	32	281	ACTIVE	10008	FIRST			67	0		2025-06-02 13:43:51.430	1	2025-06-02 13:43:51.430	1	1	QUEUE	0	1
9003324	NTTA_ROAD.NTTA.M9	32	281	ACTIVE	10009	MLP9			67	0		2025-06-02 13:46:51.481	1	2025-06-02 13:46:51.481	1	1	QUEUE	0	1
9003325	NTTA_ROAD.NTTA.R	32	281	ACTIVE	10010	ROYLN			67	0		2025-06-02 13:47:12.554	1	2025-06-02 13:47:12.554	1	1	QUEUE	0	1
9003326	NTTA_ROAD.NTTA.B	32	281	ACTIVE	10011	BELRD			67	0		2025-06-02 13:47:46.260	1	2025-06-02 13:47:46.260	1	1	QUEUE	0	1
9003327	NTTA_ROAD.NTTA.M12	32	281	ACTIVE	10012	MLG2			67	0		2025-06-02 13:47:54.503	1	2025-06-02 13:47:54.503	1	1	QUEUE	0	1
9003328	NTTA_ROAD.NTTA.M13	32	281	ACTIVE	10013	MLG1			67	0		2025-06-02 13:48:23.140	1	2025-06-02 13:48:23.140	1	1	QUEUE	0	1
9003329	NTTA_ROAD.NTTA.M14	32	281	ACTIVE	10014	MLG3			67	0		2025-06-02 13:49:09.819	1	2025-06-02 13:49:09.819	1	1	QUEUE	0	1
9003330	NTTA_ROAD.NTTA.S	32	281	ACTIVE	10015	SJOLN			67	0		2025-06-02 13:49:35.343	1	2025-06-02 13:49:35.343	1	1	QUEUE	0	1
9003331	NTTA_ROAD.NTTA.N	32	281	ACTIVE	10016	NALDR			67	0		2025-06-02 13:50:06.474	1	2025-06-02 13:50:06.474	1	1	QUEUE	0	1
9003332	NTTA_ROAD.NTTA.L	32	281	ACTIVE	10017	LEBRD			67	0		2025-06-02 13:50:10.470	1	2025-06-02 13:50:10.470	1	1	QUEUE	0	1
9003333	NTTA_ROAD.NTTA.P	32	281	ACTIVE	10018	PCMS			67	0		2025-06-03 00:06:39.269	1	2025-06-03 00:06:39.269	1	1	SYSTEM	0	1
9003334	NTTA_ROAD.NTTA.I	32	281	ACTIVE	10019	I35E			67	0		2025-06-03 00:06:40.772	1	2025-06-03 00:06:40.772	1	1	SYSTEM	0	1
9003335	NTTA_ROAD.NTTA.S20	32	281	ACTIVE	10020	SH183			67	0		2025-06-03 00:06:41.552	1	2025-06-03 00:06:41.552	1	1	SYSTEM	0	1
9003336	NTTA_ROAD.NTTA.8	32	281	ACTIVE	10021	"820"			67	0		2025-06-03 00:06:41.779	1	2025-06-03 00:06:41.779	1	1	SYSTEM	0	1
9003337	NTTA_ROAD.NTTA.D	32	281	ACTIVE	10022	DENHY			67	0		2025-06-03 00:06:42.129	1	2025-06-03 00:06:42.129	1	1	SYSTEM	0	1
9003338	NTTA_ROAD.NTTA.I23	32	281	ACTIVE	10023	I635W			67	0		2025-06-03 00:06:43.243	1	2025-06-03 00:06:43.243	1	1	SYSTEM	0	1
9003339	NTTA_ROAD.NTTA.S24	32	281	ACTIVE	10024	SCPWB			67	0		2025-06-03 00:06:43.590	1	2025-06-03 00:06:43.590	1	1	SYSTEM	0	1
9003340	NTTA_ROAD.NTTA.P25	32	281	ACTIVE	10025	PCMN			67	0		2025-06-03 00:06:43.884	1	2025-06-03 00:06:43.884	1	1	SYSTEM	0	1
9003341	NTTA_ROAD.NTTA.S26	32	281	ACTIVE	10026	SH31N			67	0		2025-06-03 00:06:44.187	1	2025-06-03 00:06:44.187	1	1	SYSTEM	0	1
9003342	NTTA_ROAD.NTTA.I27	32	281	ACTIVE	10027	I35W			67	0		2025-06-03 00:06:44.511	1	2025-06-03 00:06:44.511	1	1	SYSTEM	0	1
9003343	NTTA_ROAD.NTTA.U	32	281	ACTIVE	10028	US287S			67	0		2025-06-03 00:06:44.759	1	2025-06-03 00:06:44.759	1	1	SYSTEM	0	1
9003344	NTTA_ROAD.NTTA.C29	32	281	ACTIVE	10029	COIRD			67	0		2025-06-03 00:06:46.624	1	2025-06-03 00:06:46.624	1	1	SYSTEM	0	1
9003345	NTTA_ROAD.NTTA.S30	32	281	ACTIVE	10030	SH121E			67	0		2025-06-03 00:06:47.857	1	2025-06-03 00:06:47.857	1	1	SYSTEM	0	1
9003346	NTTA_ROAD.NTTA.M31	32	281	ACTIVE	10031	MLG5			67	0		2025-06-03 03:07:55.927	1	2025-06-03 03:07:55.927	1	1	SYSTEM	0	1
9003347	NTTA_ROAD.NTTA.G	32	281	ACTIVE	10032	GARRD			67	0		2025-06-03 03:07:57.201	1	2025-06-03 03:07:57.201	1	1	SYSTEM	0	1
9003348	NTTA_ROAD.NTTA.P33	32	281	ACTIVE	10033	PRERD			67	0		2025-06-03 03:07:58.559	1	2025-06-03 03:07:58.559	1	1	SYSTEM	0	1
9003349	NTTA_ROAD.NTTA.M34	32	281	ACTIVE	10034	MLP3			67	0		2025-06-03 03:07:58.954	1	2025-06-03 03:07:58.954	1	1	SYSTEM	0	1
9003350	NTTA_ROAD.NTTA.M35	32	281	ACTIVE	10035	MLP2			67	0		2025-06-03 03:07:59.301	1	2025-06-03 03:07:59.301	1	1	SYSTEM	0	1
9003351	NTTA_ROAD.NTTA.M36	32	281	ACTIVE	10036	MLP4			67	0		2025-06-03 03:08:00.422	1	2025-06-03 03:08:00.422	1	1	SYSTEM	0	1
9003352	NTTA_ROAD.NTTA.H	32	281	ACTIVE	10037	HILRD			67	0		2025-06-03 03:08:04.542	1	2025-06-03 03:08:04.542	1	1	SYSTEM	0	1
9003353	NTTA_ROAD.NTTA.M38	32	281	ACTIVE	10038	MLG14			67	0		2025-06-03 03:08:05.725	1	2025-06-03 03:08:05.725	1	1	SYSTEM	0	1
9003354	NTTA_ROAD.NTTA.M39	32	281	ACTIVE	10039	MLG12			67	0		2025-06-03 03:08:10.884	1	2025-06-03 03:08:10.884	1	1	SYSTEM	0	1
9003355	NTTA_ROAD.NTTA.S40	32	281	ACTIVE	10040	STOPY			67	0		2025-06-03 03:08:11.295	1	2025-06-03 03:08:11.295	1	1	SYSTEM	0	1
9003356	NTTA_ROAD.NTTA.M41	32	281	ACTIVE	10041	MLG11			67	0		2025-06-03 03:08:11.745	1	2025-06-03 03:08:11.745	1	1	SYSTEM	0	1
9003357	NTTA_ROAD.NTTA.F42	32	281	ACTIVE	10042	FRARD			67	0		2025-06-03 03:08:12.928	1	2025-06-03 03:08:12.928	1	1	SYSTEM	0	1
9003358	NTTA_ROAD.NTTA.P43	32	281	ACTIVE	10043	PARBD			67	0		2025-06-03 03:08:14.312	1	2025-06-03 03:08:14.312	1	1	SYSTEM	0	1
9003359	NTTA_ROAD.NTTA.M44	32	281	ACTIVE	10044	MLP1			67	0		2025-06-03 03:08:16.690	1	2025-06-03 03:08:16.690	1	1	SYSTEM	0	1
9003360	NTTA_ROAD.NTTA.S45	32	281	ACTIVE	10045	SPCPY			67	0		2025-06-03 03:08:19.629	1	2025-06-03 03:08:19.629	1	1	SYSTEM	0	1
9003361	NTTA_ROAD.NTTA.M46	32	281	ACTIVE	10046	MAIST			67	0		2025-06-03 03:08:27.228	1	2025-06-03 03:08:27.228	1	1	SYSTEM	0	1
9003362	NTTA_ROAD.NTTA.M47	32	281	ACTIVE	10047	MLP10			67	0		2025-06-03 03:08:29.806	1	2025-06-03 03:08:29.806	1	1	SYSTEM	0	1
9003363	NTTA_ROAD.NTTA.I48	32	281	ACTIVE	10048	INDPY			67	0		2025-06-03 03:08:39.682	1	2025-06-03 03:08:39.682	1	1	SYSTEM	0	1
9003364	NTTA_ROAD.NTTA.F49	32	281	ACTIVE	10049	FIRPY			67	0		2025-06-03 03:08:46.454	1	2025-06-03 03:08:46.454	1	1	SYSTEM	0	1
9003365	NTTA_ROAD.NTTA.M50	32	281	ACTIVE	10050	MACBD			67	0		2025-06-03 03:08:49.529	1	2025-06-03 03:08:49.529	1	1	SYSTEM	0	1
9003366	NTTA_ROAD.NTTA.S51	32	281	ACTIVE	10051	SSTDR			67	0		2025-06-03 03:08:50.615	1	2025-06-03 03:08:50.615	1	1	SYSTEM	0	1
9003367	NTTA_ROAD.NTTA.P52	32	281	ACTIVE	10052	PLAPY			67	0		2025-06-03 03:08:51.848	1	2025-06-03 03:08:51.848	1	1	SYSTEM	0	1
9003368	NTTA_ROAD.NTTA.N53	32	281	ACTIVE	10053	NSTDR			67	0		2025-06-03 03:08:59.506	1	2025-06-03 03:08:59.506	1	1	SYSTEM	0	1
9003369	NTTA_ROAD.NTTA.G54	32	281	ACTIVE	10054	GAYPY			67	0		2025-06-03 03:09:01.185	1	2025-06-03 03:09:01.185	1	1	SYSTEM	0	1
9003370	NTTA_ROAD.NTTA.N55	32	281	ACTIVE	10055	NJOLN			67	0		2025-06-03 03:09:05.476	1	2025-06-03 03:09:05.476	1	1	SYSTEM	0	1
9003371	NTTA_ROAD.NTTA.L56	32	281	ACTIVE	10056	LEGDR			67	0		2025-06-03 03:09:28.726	1	2025-06-03 03:09:28.726	1	1	SYSTEM	0	1
9003372	NTTA_ROAD.NTTA.M57	32	281	ACTIVE	10057	MCPBD			67	0		2025-06-03 03:09:45.930	1	2025-06-03 03:09:45.930	1	1	SYSTEM	0	1
9003373	NTTA_ROAD.NTTA.M58	32	281	ACTIVE	10058	MIDRD			67	0		2025-06-03 03:10:23.455	1	2025-06-03 03:10:23.455	1	1	SYSTEM	0	1
9003374	NTTA_ROAD.NTTA.F59	32	281	ACTIVE	10059	FM917			67	0		2025-06-03 03:10:42.052	1	2025-06-03 03:10:42.052	1	1	SYSTEM	0	1
9003375	NTTA_ROAD.NTTA.A	32	281	ACTIVE	10060	ALTBD			67	0		2025-06-03 03:10:49.492	1	2025-06-03 03:10:49.492	1	1	SYSTEM	0	1
9003376	NTTA_ROAD.NTTA.O	32	281	ACTIVE	10061	OLDRD			67	0		2025-06-03 03:10:50.417	1	2025-06-03 03:10:50.417	1	1	SYSTEM	0	1
9003377	NTTA_ROAD.NTTA.C62	32	281	ACTIVE	10062	CR904			67	0		2025-06-03 03:10:54.197	1	2025-06-03 03:10:54.197	1	1	SYSTEM	0	1
9003378	NTTA_ROAD.NTTA.O63	32	281	ACTIVE	10063	OAKBD			67	0		2025-06-03 03:10:56.309	1	2025-06-03 03:10:56.309	1	1	SYSTEM	0	1
9003379	NTTA_ROAD.NTTA.L64	32	281	ACTIVE	10064	LLTB			67	0		2025-06-03 03:11:19.825	1	2025-06-03 03:11:19.825	1	1	SYSTEM	0	1
9003380	NTTA_ROAD.NTTA.M65	32	281	ACTIVE	10065	MLG15			67	0		2025-06-03 03:11:27.519	1	2025-06-03 03:11:27.519	1	1	SYSTEM	0	1
9003381	NTTA_ROAD.NTTA.S66	32	281	ACTIVE	10066	SHIRD			67	0		2025-06-03 03:11:43.736	1	2025-06-03 03:11:43.736	1	1	SYSTEM	0	1
9003382	NTTA_ROAD.NTTA.N67	32	281	ACTIVE	10067	NORHY			67	0		2025-06-03 03:12:14.352	1	2025-06-03 03:12:14.352	1	1	SYSTEM	0	1
9003383	NTTA_ROAD.NTTA.S68	32	281	ACTIVE	10068	SYCRD			67	0		2025-06-03 03:12:22.106	1	2025-06-03 03:12:22.106	1	1	SYSTEM	0	1
9003384	NTTA_ROAD.NTTA.H69	32	281	ACTIVE	10069	HARBD			67	0		2025-06-03 03:13:17.496	1	2025-06-03 03:13:17.496	1	1	SYSTEM	0	1
9003385	NTTA_ROAD.NTTA.A70	32	281	ACTIVE	10070	ARKLN			67	0		2025-06-03 03:13:22.510	1	2025-06-03 03:13:22.510	1	1	SYSTEM	0	1
9003386	NTTA_ROAD.NTTA.S71	32	281	ACTIVE	10071	SPVRD			67	0		2025-06-03 03:13:33.129	1	2025-06-03 03:13:33.129	1	1	SYSTEM	0	1
9003387	NTTA_ROAD.NTTA.M72	32	281	ACTIVE	10072	MLRRD			67	0		2025-06-03 03:13:44.408	1	2025-06-03 03:13:44.408	1	1	SYSTEM	0	1
9003388	NTTA_ROAD.NTTA.M73	32	281	ACTIVE	10073	MERLG			67	0		2025-06-03 03:14:22.184	1	2025-06-03 03:14:22.184	1	1	SYSTEM	0	1
9003389	NTTA_ROAD.NTTA.W	32	281	ACTIVE	10074	WRERD			67	0		2025-06-03 03:14:33.850	1	2025-06-03 03:14:33.850	1	1	SYSTEM	0	1
9003390	NTTA_ROAD.NTTA.S75	32	281	ACTIVE	10075	STEVS			67	0		2025-06-03 03:14:47.377	1	2025-06-03 03:14:47.377	1	1	SYSTEM	0	1
9003391	NTTA_ROAD.NTTA.D76	32	281	ACTIVE	10076	DALST			67	0		2025-06-03 03:15:29.504	1	2025-06-03 03:15:29.504	1	1	SYSTEM	0	1
9003392	NTTA_ROAD.NTTA.S77	32	281	ACTIVE	10077	STARD			67	0		2025-06-03 03:15:39.936	1	2025-06-03 03:15:39.936	1	1	SYSTEM	0	1
9003393	NTTA_ROAD.NTTA.C78	32	281	ACTIVE	10078	CRIRD			67	0		2025-06-03 03:16:14.881	1	2025-06-03 03:16:14.881	1	1	SYSTEM	0	1
9003394	NTTA_ROAD.NTTA.J	32	281	ACTIVE	10079	JOSLN			67	0		2025-06-03 03:16:20.777	1	2025-06-03 03:16:20.777	1	1	SYSTEM	0	1
9003395	NTTA_ROAD.NTTA.W80	32	281	ACTIVE	10080	WEBRD			67	0		2025-06-03 03:16:43.002	1	2025-06-03 03:16:43.002	1	1	SYSTEM	0	1
9003396	NTTA_ROAD.NTTA.F81	32	281	ACTIVE	10081	F1187			67	0		2025-06-03 03:16:49.727	1	2025-06-03 03:16:49.727	1	1	SYSTEM	0	1
9003397	NTTA_ROAD.NTTA.I82	32	281	ACTIVE	10082	I30			67	0		2025-06-03 03:16:56.063	1	2025-06-03 03:16:56.063	1	1	SYSTEM	0	1
9003398	NTTA_ROAD.NTTA.M83	32	281	ACTIVE	10083	MARLN			67	0		2025-06-03 03:17:13.974	1	2025-06-03 03:17:13.974	1	1	SYSTEM	0	1
9003399	NTTA_ROAD.NTTA.D84	32	281	ACTIVE	10084	DFWC-TSA-MOP			67	0		2025-06-03 03:17:18.091	1	2025-06-03 03:17:18.091	1	1	SYSTEM	0	1
9003400	NTTA_ROAD.NTTA.D85	32	281	ACTIVE	10085	DNT			67	0		2025-06-03 03:17:19.077	1	2025-06-03 03:17:19.077	1	1	SYSTEM	0	1
9003401	NTTA_ROAD.NTTA.W86	32	281	ACTIVE	10086	WESTPARK			67	0		2025-06-03 03:17:22.198	1	2025-06-03 03:17:22.198	1	1	SYSTEM	0	1
9003402	NTTA_ROAD.NTTA.A87	32	281	ACTIVE	10087	ALLIANCE			67	0		2025-06-03 03:17:28.519	1	2025-06-03 03:17:28.519	1	1	SYSTEM	0	1
9003403	NTTA_ROAD.NTTA.B88	32	281	ACTIVE	10088	BASSBD			67	0		2025-06-03 03:17:31.389	1	2025-06-03 03:17:31.389	1	1	SYSTEM	0	1
9003404	NTTA_ROAD.NTTA.S89	32	281	ACTIVE	10089	SH121W			67	0		2025-06-03 03:17:33.371	1	2025-06-03 03:17:33.371	1	1	SYSTEM	0	1
9003405	NTTA_ROAD.NTTA.G90	32	281	ACTIVE	10090	GOLDENTRI			67	0		2025-06-03 03:17:38.258	1	2025-06-03 03:17:38.258	1	1	SYSTEM	0	1
9003406	NTTA_ROAD.NTTA.L91	32	281	ACTIVE	10091	LP12			67	0		2025-06-03 03:17:47.874	1	2025-06-03 03:17:47.874	1	1	SYSTEM	0	1
9003407	NTTA_ROAD.NTTA.S92	32	281	ACTIVE	10092	SH170			67	0		2025-06-03 04:08:17.542	1	2025-06-03 04:08:17.542	1	1	SYSTEM	0	1
9003408	NTTA_ROAD.NTTA.S93	32	281	ACTIVE	10093	SH114			67	0		2025-06-03 04:08:21.020	1	2025-06-03 04:08:21.020	1	1	SYSTEM	0	1
9003409	NTTA_ROAD.NTTA.N94	32	281	ACTIVE	10094	NSIDEDR			67	0		2025-06-03 05:07:51.505	1	2025-06-03 05:07:51.505	1	1	SYSTEM	0	1
9003410	NTTA_ROAD.NTTA.M95	32	281	ACTIVE	10095	MARDR			67	0		2025-06-03 06:07:54.801	1	2025-06-03 06:07:54.801	1	1	SYSTEM	0	1
9003411	NTTA_ROAD.NTTA.D96	32	281	ACTIVE	10096	DEBLN			67	0		2025-06-03 09:21:06.276	1	2025-06-03 09:21:06.276	1	1	QUEUE	0	1
9003412	NTTA_ROAD.NTTA.S97	32	281	ACTIVE	10097	SBERD			67	0		2025-06-03 10:08:06.274	1	2025-06-03 10:08:06.274	1	1	SYSTEM	0	1
9003413	NTTA_ROAD.NTTA.K	32	281	ACTIVE	10098	KELBD			67	0		2025-06-03 11:07:59.819	1	2025-06-03 11:07:59.819	1	1	SYSTEM	0	1
9003414	NTTA_ROAD.NTTA.A99	32	281	ACTIVE	10099	AATT			67	0		2025-06-03 12:07:58.769	1	2025-06-03 12:07:58.769	1	1	SYSTEM	0	1
9003415	NTTA_ROAD.NTTA.L100	32	281	ACTIVE	10100	LAKPY			67	0		2025-06-03 13:14:15.254	1	2025-06-03 13:14:15.254	1	1	SYSTEM	0	1
9003416	NTTA_ROAD.NTTA.L101	32	281	ACTIVE	10101	LUNRD			67	0		2025-06-03 14:14:17.975	1	2025-06-03 14:14:17.975	1	1	SYSTEM	0	1
9003417	NTTA_ROAD.NTTA.L102	32	281	ACTIVE	10102	LAFDR			67	0		2025-06-03 16:20:36.860	1	2025-06-03 16:20:36.860	1	1	SYSTEM	0	1
9003418	NTTA_ROAD.NTTA.M103	32	281	ACTIVE	10103	MURPHYDR-183			67	0		2025-06-03 17:20:27.488	1	2025-06-03 17:20:27.488	1	1	SYSTEM	0	1
9003419	NTTA_ROAD.NTTA.L104	32	281	ACTIVE	10104	LOOP12			67	0		2025-06-03 18:20:30.565	1	2025-06-03 18:20:30.565	1	1	SYSTEM	0	1
9003420	NTTA_ROAD.NTTA.K105	32	281	ACTIVE	10105	KESRD			67	0		2025-06-03 18:20:39.349	1	2025-06-03 18:20:39.349	1	1	SYSTEM	0	1
9003421	NTTA_ROAD.NTTA.I106	32	281	ACTIVE	10106	I30WUS287			67	0		2025-06-03 19:20:35.167	1	2025-06-03 19:20:35.167	1	1	SYSTEM	0	1
9003422	NTTA_ROAD.NTTA.K107	32	281	ACTIVE	10107	KELLERHICKS			67	0		2025-06-03 22:08:52.210	1	2025-06-03 22:08:52.210	1	1	SYSTEM	0	1
9003423	NTTA_ROAD.NTTA.W108	32	281	ACTIVE	10108	WALLN			67	0		2025-06-04 02:37:17.167	1	2025-06-04 02:37:17.167	1	1	SYSTEM	0	1
9003424	NTTA_ROAD.NTTA.A109	32	281	ACTIVE	10109	AIRFR			67	0		2025-06-04 02:37:20.405	1	2025-06-04 02:37:20.405	1	1	SYSTEM	0	1
9003425	NTTA_ROAD.NTTA.I110	32	281	ACTIVE	10110	I35WI30EAST			67	0		2025-06-04 02:37:40.330	1	2025-06-04 02:37:40.330	1	1	SYSTEM	0	1
9003426	NTTA_ROAD.NTTA.2	32	281	ACTIVE	10111	"28TH"			67	0		2025-06-04 02:37:53.006	1	2025-06-04 02:37:53.006	1	1	SYSTEM	0	1
9003427	NTTA_ROAD.NTTA.I112	32	281	ACTIVE	10112	IROBD			67	0		2025-06-04 02:37:59.832	1	2025-06-04 02:37:59.832	1	1	SYSTEM	0	1
9003428	NTTA_ROAD.NTTA.S113	32	281	ACTIVE	10113	SH26			67	0		2025-06-04 02:38:04.502	1	2025-06-04 02:38:04.502	1	1	SYSTEM	0	1
9003429	NTTA_ROAD.NTTA.S114	32	281	ACTIVE	10114	SHGRD			67	0		2025-06-04 04:38:54.587	1	2025-06-04 04:38:54.587	1	1	SYSTEM	0	1
9003430	NTTA_ROAD.NTTA.W115	32	281	ACTIVE	10115	WINPY			67	0		2025-06-04 09:37:44.127	1	2025-06-04 09:37:44.127	1	1	QUEUE	0	1
9003431	NTTA_ROAD.NTTA.M116	32	281	ACTIVE	10116	MAYRD			67	0		2025-06-04 09:38:53.870	1	2025-06-04 09:38:53.870	1	1	QUEUE	0	1
9003432	NTTA_ROAD.NTTA.C117	32	281	ACTIVE	10117	CAMRD			67	0		2025-06-04 09:41:47.089	1	2025-06-04 09:41:47.089	1	1	QUEUE	0	1
9003433	NTTA_ROAD.NTTA.H118	32	281	ACTIVE	10118	HEADR			67	0		2025-06-04 09:44:10.436	1	2025-06-04 09:44:10.436	1	1	QUEUE	0	1
9003434	NTTA_ROAD.NTTA.P119	32	281	ACTIVE	10119	PIOPY			67	0		2025-06-04 09:44:18.541	1	2025-06-04 09:44:18.541	1	1	QUEUE	0	1
9003435	NTTA_ROAD.NTTA.P120	32	281	ACTIVE	10120	PARRD			67	0		2025-06-04 09:45:15.591	1	2025-06-04 09:45:15.591	1	1	QUEUE	0	1
9003436	NTTA_ROAD.NTTA.C121	32	281	ACTIVE	10121	CONRD			67	0		2025-06-04 09:45:23.462	1	2025-06-04 09:45:23.462	1	1	QUEUE	0	1
9003437	NTTA_ROAD.NTTA.E	32	281	ACTIVE	10122	ERERD			67	0		2025-06-04 09:57:52.833	1	2025-06-04 09:57:52.833	1	1	QUEUE	0	1
9003438	NTTA_ROAD.NTTA.N123	32	281	ACTIVE	10123	NBERD			67	0		2025-06-04 09:59:05.956	1	2025-06-04 09:59:05.956	1	1	QUEUE	0	1
9003439	NTTA_ROAD.NTTA.B124	32	281	ACTIVE	10124	BEDEURD			67	0		2025-06-04 10:07:46.877	1	2025-06-04 10:07:46.877	1	1	QUEUE	0	1
9003440	NTTA_ROAD.NTTA.3	32	281	ACTIVE	10125	"35WS"			67	0		2025-06-04 10:09:25.106	1	2025-06-04 10:09:25.106	1	1	QUEUE	0	1
9003441	NTTA_ROAD.NTTA.B126	32	281	ACTIVE	10126	BEDRD			67	0		2025-06-04 10:33:05.542	1	2025-06-04 10:33:05.542	1	1	QUEUE	0	1
9003442	NTTA_ROAD.NTTA.S127	32	281	ACTIVE	10127	SALDR			67	0		2025-06-04 10:47:41.624	1	2025-06-04 10:47:41.624	1	1	QUEUE	0	1
9003443	NTTA_ROAD.NTTA.N128	32	281	ACTIVE	10128	NLTRD			67	0		2025-06-04 10:48:18.110	1	2025-06-04 10:48:18.110	1	1	QUEUE	0	1
9003444	NTTA_ROAD.NTTA.E129	32	281	ACTIVE	10129	ELDPY			67	0		2025-06-04 11:23:33.524	1	2025-06-04 11:23:33.524	1	1	SYSTEM	0	1
9003445	NTTA_ROAD.NTTA.E130	32	281	ACTIVE	10130	EDWRD			67	0		2025-06-04 11:24:52.781	1	2025-06-04 11:24:52.781	1	1	SYSTEM	0	1
9003446	NTTA_ROAD.NTTA.W131	32	281	ACTIVE	10131	WEATHST			67	0		2025-06-04 12:23:13.396	1	2025-06-04 12:23:13.396	1	1	SYSTEM	0	1
9003447	NTTA_ROAD.NTTA.S132	32	281	ACTIVE	10132	SLTRD			67	0		2025-06-04 13:23:10.675	1	2025-06-04 13:23:10.675	1	1	SYSTEM	0	1
9003448	NTTA_ROAD.NTTA.S133	32	281	ACTIVE	10133	SCPEB			67	0		2025-06-06 18:44:20.722	1	2025-06-06 18:44:20.722	1	1	SYSTEM	0	1
9003449	NTTA_ROAD.NTTA.S134	32	281	ACTIVE	10134	SH31S			67	0		2025-06-06 18:44:23.935	1	2025-06-06 18:44:23.935	1	1	SYSTEM	0	1
9003450	NTTA_ROAD.NTTA.H135	32	281	ACTIVE	10135	H110E			67	0		2025-06-06 18:44:31.326	1	2025-06-06 18:44:31.326	1	1	SYSTEM	0	1
9003451	NTTA_ROAD.NTTA.H136	32	281	ACTIVE	10136	H110W			67	0		2025-06-06 19:44:12.914	1	2025-06-06 19:44:12.914	1	1	SYSTEM	0	1
9003452	NTTA_ROAD.NTTA.S137	32	281	ACTIVE	10137	SH64S			67	0		2025-06-06 20:44:12.152	1	2025-06-06 20:44:12.152	1	1	SYSTEM	0	1
9003453	NTTA_ROAD.NTTA.S138	32	281	ACTIVE	10138	SH64N			67	0		2025-06-06 20:44:17.039	1	2025-06-06 20:44:17.039	1	1	SYSTEM	0	1
9003454	NTTA_ROAD.NTTA.A139	32	281	ACTIVE	10139	ARBDR			67	0		2025-06-07 05:58:23.164	1	2025-06-07 05:58:23.164	1	1	SYSTEM	0	1
9003455	NTTA_ROAD.NTTA.T	32	281	ACTIVE	10140	TIBD			67	0		2025-06-07 05:58:26.957	1	2025-06-07 05:58:26.957	1	1	SYSTEM	0	1
9003456	NTTA_ROAD.NTTA.N141	32	281	ACTIVE	10141	NYAVE			67	0		2025-06-07 08:57:50.103	1	2025-06-07 08:57:50.103	1	1	SYSTEM	0	1
9003457	NTTA_ROAD.NTTA.F142	32	281	ACTIVE	10142	FLSPY			67	0		2025-06-08 11:09:55.444	1	2025-06-08 11:09:55.444	1	1	SYSTEM	0	1
9003458	NTTA_ROAD.NTTA.F143	32	281	ACTIVE	10143	FM16N			67	0		2025-06-09 00:06:57.224	1	2025-06-09 00:06:57.224	1	1	SYSTEM	0	1
9003459	NTTA_ROAD.NTTA.C144	32	281	ACTIVE	10144	CARPY			67	0		2025-06-09 19:24:54.705	1	2025-06-09 19:24:54.705	1	1	SYSTEM	0	1
9003460	NTTA_ROAD.NTTA.B145	32	281	ACTIVE	10145	BROTR			67	0		2025-06-11 03:44:10.849	1	2025-06-11 03:44:10.849	1	1	SYSTEM	0	1
9003461	NTTA_ROAD.NTTA.S146	32	281	ACTIVE	10146	SH114WBENT			67	0		2025-06-11 07:18:02.986	1	2025-06-11 07:18:02.986	1	1	SYSTEM	0	1
9003462	NTTA_ROAD.NTTA.S147	32	281	ACTIVE	10147	SPARD			67	0		2025-06-12 22:08:55.005	1	2025-06-12 22:08:55.005	1	1	SYSTEM	0	1
9003463	NTTA_ROAD.NTTA.U148	32	281	ACTIVE	10148	US75			67	0		2025-06-16 23:16:07.995	1	2025-06-16 23:16:07.995	1	1	SYSTEM	0	1
9003464	NTTA_ROAD.NTTA.F149	32	281	ACTIVE	10149	FM16S			67	0		2025-06-20 00:06:11.285	1	2025-06-20 00:06:11.285	1	1	SYSTEM	0	1
9003465	NTTA_ROAD.NTTA.S150	32	281	ACTIVE	10150	STEVN			67	0		2025-06-25 13:16:26.114	1	2025-06-25 13:16:26.114	1	1	SYSTEM	0	1
9003466	NTTA_ROAD.NTTA.2151	32	281	ACTIVE	10151	"2493E"			67	0		2025-07-06 00:08:19.994	1	2025-07-06 00:08:19.994	1	1	SYSTEM	0	1
9003467	NTTA_ROAD.NTTA.2152	32	281	ACTIVE	10152	"2493X"			67	0		2025-07-06 00:08:20.874	1	2025-07-06 00:08:20.874	1	1	SYSTEM	0	1
9003468	NTTA_ROAD.NTTA.C153	32	281	ACTIVE	10153	CR920			67	0		2025-07-11 09:24:16.917	1	2025-07-11 09:24:16.917	1	1	SYSTEM	0	1
9003469	NTTA_ROAD.NTTA.C154	32	281	ACTIVE	10154	CR913			67	0		2025-07-17 10:09:15.235	1	2025-07-17 10:09:15.235	1	1	SYSTEM	0	1
9003470	NTTA_ROAD.NTTA.P155	32	281	ACTIVE	10155	PLXYX			67	0		2025-08-12 05:02:46.732	1	2025-08-12 05:02:46.732	1	1	SYSTEM	0	1
9003471	NTTA_ROAD.NTTA.P156	32	281	ACTIVE	10156	PLXYE			67	0		2025-09-02 00:04:49.200	1	2025-09-02 00:04:49.200	1	1	SYSTEM	0	1
9003472	ATCAS_ROAD.I80.I80Obs	38	283	INACTIVE	5610	I-80 Obsolete			23	0		2025-12-18 18:15:55.935	1	2026-02-02 12:58:01.556	1	1	SEED	0	1
9003473	ATCAS_ROAD.I80.I80Seb	38	281	ACTIVE	5611	I-80 Suisun EB			23	0		2025-12-18 18:15:55.935	1	2026-01-06 17:39:15.000	1	0	RICK-EMERGENCY	0	1
9003474	ATCAS_ROAD.I80.I80MCeb	38	281	ACTIVE	5612	I-80 Manuel Campos EB			23	0		2025-12-18 18:15:55.935	1	2026-01-06 17:39:15.000	1	0	RICK-EMERGENCY	0	1
9003475	ATCAS_ROAD.I80.I80Aeb	38	281	ACTIVE	5613	I-80 Alamo EB			23	0		2025-12-18 18:15:55.935	1	2026-01-06 17:39:15.000	1	0	RICK-EMERGENCY	0	1
9003476	ATCAS_ROAD.I80.I80I505eb	38	281	ACTIVE	5614	I-80 I-505 EB			23	0		2025-12-18 18:15:55.935	1	2026-01-06 17:39:15.000	1	0	RICK-EMERGENCY	0	1
9003477	ATCAS_ROAD.I80.I80Awb	38	281	ACTIVE	5615	I-80 Alamo WB			23	0		2025-12-18 18:15:55.935	1	2026-01-06 17:39:15.000	1	0	RICK-EMERGENCY	0	1
9003478	ATCAS_ROAD.I80.I80MCwb	38	281	ACTIVE	5616	I-80 Manuel Campos WB			23	0		2025-12-18 18:15:55.935	1	2026-01-06 17:39:15.000	1	0	RICK-EMERGENCY	0	1
9003479	ATCAS_ROAD.I80.I80WTwb	38	281	ACTIVE	5617	I-80 W Texas WB			23	0		2025-12-18 18:15:55.935	1	2026-01-06 17:39:15.000	1	0	RICK-EMERGENCY	0	1
